team_id,team_name,elo_rating
11,Arsenal Football Club,2088.5552085632526
27,FC Bayern München,2052.5336379892697
131,Futbol Club Barcelona,1950.5667321289372
336,Sporting Clube de Portugal,1936.051632396772
31,Liverpool Football Club,1912.1272885088854
405,Aston Villa Football Club,1898.2307482730353
46,Football Club Internazionale Milano S.p.A.,1892.5153221170824
281,Manchester City Football Club,1888.5421436031638
631,Chelsea Football Club,1883.796331222241
583,Paris Saint-Germain Football Club,1861.212187874734
683,Olympiakos Syndesmos Filathlon Peiraios,1840.6639862978104
506,Juventus Football Club,1833.9135114336825
294,Sport Lisboa e Benfica,1818.9213422794644
5,Associazione Calcio Milan,1813.951069054754
762,Newcastle United Football Club,1809.8311499464705
418,Real Madrid Club de Fútbol,1808.12539491432
501,FK Bodø/Glimt,1802.7631572102728
985,Manchester United Football Club,1791.0293586188554
720,Futebol Clube do Porto,1782.5985930416264
1148,Brentford Football Club,1776.049456677132
13,Club Atlético de Madrid S.A.D.,1766.753296559542
148,Tottenham Hotspur Football Club,1765.3825400682058
2282,Club Brugge Koninklijke Voetbalvereniging,1762.7536609963422
15,Bayer 04 Leverkusen Fußball,1756.501017364731
3948,Royale Union Saint-Gilloise,1753.3594051884759
2441,Athlitiki Enosi Konstantinoupoleos,1750.3478992052806
865,Fodbold Club Midtjylland,1749.61867748042
989,Association Football Club Bournemouth,1749.5736519693526
1041,Olympique Lyonnais,1742.2972453638565
12,Associazione Sportiva Roma,1741.026254786623
419,GNK Dinamo Zagreb,1739.4786650231215
1047,Calcio Como,1734.1436316515453
150,Real Betis Balompié S.A.D.,1732.557460508019
383,Eindhovense Voetbalvereniging Philips Sport Vereniging,1730.2908465562268
36,Fenerbahçe Spor Kulübü,1727.5017565785993
16,Borussia Dortmund,1725.3933172252184
533,Turn- und Sportgemeinschaft 1899 Hoffenheim Fußball-Spielbetriebs,1721.3272925148162
162,Association sportive de Monaco Football Club,1717.6075405614424
1091,Panthessalonikios Athlitikos Omilos Konstantinoupoliton,1717.3172474649873
29,Everton Football Club,1714.7793554336247
79,Verein für Bewegungsspiele Stuttgart 1893,1712.6797749011193
826,Racing Club de Lens,1710.4625411105742
964,AO FK Zenit Sankt-Peterburg,1709.539414551238
1075,Sporting Clube de Braga,1704.447204885138
678,Aarhus Gymnastik Forening,1703.109516651331
279,Ferencvárosi TC,1702.893698923012
621,Athletic Club Bilbao,1699.0132954410642
6195,Società Sportiva Calcio Napoli,1697.892831990945
190,Football Club København,1697.2985276731717
398,Società Sportiva Lazio S.p.A.,1694.405904668402
800,Atalanta Bergamasca Calcio S.p.a.,1693.9420919199586
941,FC Viktoria Plzen,1685.69044065541
931,Fulham Football Club,1684.6298573846482
45457,Pafos FC,1680.513101562997
23826,RasenBallsport Leipzig,1678.2585687340836
1237,Brighton and Hove Albion Football Club,1675.4746689266026
141,Galatasaray Spor Kulübü,1672.0259509390808
660,FC Shakhtar Donetsk,1671.2816322248084
159,Red Star Belgrade,1669.460954664242
681,Real Sociedad de Fútbol S.A.D.,1668.122643404011
60,Sport-Club Freiburg,1667.9163597269114
16704,FK Krasnodar,1663.8391894523154
940,Real Club Celta de Vigo S. A. D.,1661.6415704452265
265,Panathinaikos Athlitikos Omilos,1658.1261910428893
289,Sunderland Association Football Club,1653.3034471063424
399,Leeds United Association Football Club,1652.2033962338642
371,The Celtic Football Club,1651.2714208051507
467,Nijmegen Eendracht Combinatie,1650.8435178892623
703,Nottingham Forest Football Club,1649.435877887952
9644,Raków Częstochowa,1649.3847982502816
873,Crystal Palace Football Club,1649.0309626525443
932,"Футбольный клуб ""Локомотив"" Москва",1646.1061892844011
1184,Koninklijke Racing Club Genk,1645.9041642752602
2410,PFK CSKA Moskva,1641.156187123692
610,AFC Ajax Amsterdam,1640.3309233040636
244,Olympique de Marseille,1640.0504975918784
2778,Fodbold Club Nordsjælland,1636.7664353189143
1082,Lille Olympique Sporting Club,1632.4070779682847
317,Football Club Twente,1630.5026174168152
1090,Alkmaar Zaanstreek,1627.3052549776967
206,Brøndby Idrætsforening,1625.3217993203523
234,Feyenoord Rotterdam,1624.655839791011
379,West Ham United Football Club,1623.220404336973
124,Rangers Football Club,1621.1787783827695
667,Racing Club de Strasbourg Alsace,1620.7523562724357
331,Club Atlético Osasuna,1617.4624527472154
232,FK Spartak Moskva,1616.9683893784047
475,Koninklijke Sint-Truidense Voetbalvereniging,1615.1617324371978
449,Trabzonspor Kulübü,1611.144325630588
1025,Bologna Football Club 1909,1610.905187692043
10625,Qarabağ FK,1609.5461916759139
238,Lech Poznan,1604.2782089574448
273,Stade Rennais Football Club,1603.6358382311212
122,SK Sturm Graz,1599.5604443618793
1390,Cagliari Calcio,1598.970595537559
410,Udinese Calcio,1595.4169617552961
255,Legia Warszawa,1594.2486951885198
1064,Maccabi Haifa,1591.4473782082844
1049,Valencia Club de Fútbol S. A. D.,1590.405082631457
416,Torino Calcio,1589.999761751898
468,Sparta Rotterdam,1588.75942927932
39,1. Fußball- und Sportverein Mainz 05,1588.124740787336
12275,Kolding IF,1587.3855205588322
89,1. Fußballclub Union Berlin,1583.8106757043458
43,Heart of Midlothian Football Club,1581.8524684046627
1063,Viborg Fodsports Forening,1580.8119943304719
63007,LNZ Cherkasy,1580.7426399962153
1177,Silkeborg Idrætsforening,1580.3566673874113
114,Beşiktaş Jimnastik Kulübü,1580.3313976343425
58,Royal Sporting Club Anderlecht,1576.256005330244
31614,Ludogorets Razgrad,1574.3042408520653
60551,SC Dnipro-1,1574.1710879754546
2424,Gil Vicente Futebol Clube,1573.639773194928
173,Odense Boldklub,1573.423204867268
1101,IF Elfsborg,1573.0794061246415
130,Parma Calcio 1913,1571.6035645144823
2672,APO Levadiakos Football Club,1570.9220126672647
2420,Vitória Sport Clube,1570.457952941072
714,Reial Club Deportiu Espanyol de Barcelona S.A.D.,1569.4161657548511
605,Aris Thessalonikis,1569.1120385936913
6574,Unione Sportiva Sassuolo Calcio,1569.0224543257425
367,Rayo Vallecano de Madrid S. A. D.,1568.5311597294378
252,Genoa Cricket and Football Club,1568.5213100324675
3592,FK Kryvbas Kryvyi Rig,1567.7415868751787
338,Futbolniy Klub Dynamo Kyiv,1565.8611483406328
5817,Sønderjyske Fodbold,1565.7228739769862
21903,Bukovyna Chernivtsi,1564.08879220874
653,Omilos Filathlon Irakliou FC,1563.7839026953582
415,Toulouse Football Club,1563.7371037156602
237,Real Club Deportivo Mallorca S.A.D.,1563.011242327002
157,Koninklijke Atletiek Associatie Gent,1562.6229981028034
2300,Jagiellonia Bialystok,1562.0196361591359
3410,Excelsior Maassluis,1561.667232228021
6890,İstanbul Başakşehir Futbol Kulübü,1560.1772460801308
1108,Deportivo Alavés S. A. D.,1560.1611440564468
430,Associazione Calcio Fiorentina,1559.4705603937723
1465,Grupo Desportivo Estoril Praia,1559.2657916206713
53646,FK Polissya Zhytomyr,1559.1798945351886
12321,Girona Fútbol Club S. A. D.,1558.1389045198043
5724,Randers Fodbold Club,1558.0879152922275
3426,Esbjerg fB,1558.0019303343133
2462,Fluminense Football Club,1557.2727263932043
67939,Viktoriya Sumy,1557.2240044862272
1244,CD Leganés,1557.140341071302
2760,Partick Thistle FC,1556.9931715740747
947,Boldklubben af 1893,1556.9441041560633
6567,Auchinleck Talbot FC,1556.7636493454995
3911,Stade brestois 29,1554.98333446369
6170,KÍ Klaksvík,1554.467309787798
409,Red Bull Salzburg,1553.6523277202753
496,Malmö FF,1553.3763775174484
41,Hamburger Sport Verein,1553.2333454613815
121,FK Dinamo Moskva,1553.1077346182924
306,Sportclub Heerenveen,1551.891415073982
25442,Banks O' Dee FC,1551.101632459759
10803,SV Spakenburg,1551.0374013016185
710,NK Celje,1550.930921031064
1044,Djurgårdens IF,1550.5356917455276
18,Borussia Verein für Leibesübungen 1900 Mönchengladbach,1549.6321331602262
3990,AO Agios Nikolaos,1549.5294586624952
5733,Nyköbing FC,1548.6274222995667
26,FC Basel 1893,1548.1798156283787
1191,Falkirk Football & Athletic Club,1548.0585016007876
362,Akademisk Boldklub,1547.7399569346203
5767,Middelfart Boldklub,1547.3627310414265
5784,Aarhus Fremad,1547.1127284318109
1211,Port Vale FC,1546.4821303632561
3457,Clydebank FC,1545.3376502921035
2741,FK Baltika,1545.1814060621841
1100,SK Brann,1544.812434650692
2156,AEK Larnaca,1544.5891820283455
1114,Al-Hilal SFC,1544.4562822748385
86,Sportverein Werder Bremen von 1899,1544.2229124307837
817,Achilles Veen,1543.841037354013
195,Rosenborg BK,1543.7090872666197
1096,Royal Antwerp Football Club,1543.2848581938695
5874,Brabrand IF,1543.0055991891427
3709,Getafe Club de Fútbol S. A. D. Team Dubai,1542.751467659176
2670,Ethnikos Piraeus,1542.231421487788
641,Middlesbrough FC,1542.10264515286
167,Fußball-Club Augsburg 1907,1541.5915406016798
172,Royal Charleroi Sporting Club,1541.2426092121943
1467,Göztepe Sportif Yatırımlar A.Ş.,1540.5871896606725
6160,De Treffers,1540.5636151548317
6400,Buckie Thistle FC,1540.5388867201339
2976,Hapoel Beer Sheva,1539.9480154676385
2805,Wycombe Wanderers,1539.3171633288403
987,Motherwell Football Club,1539.0491451927207
8920,Musselburgh Athletic FC,1538.736976481804
1034,Grimsby Town,1538.4517096447062
5818,Hobro IK,1538.4104090358771
603,Cardiff City,1537.3576031976877
5716,BK Fremad Amager,1537.1167572827633
354,Yellow-Red Koninklijke Voetbalclub Mechelen,1536.9980613021337
2451,Inverness Caledonian Thistle FC,1536.844498425911
5781,Skive IK,1536.4038246003024
9023,Thisted FC,1536.3709436661745
3329,Futebol Clube de Famalicão,1535.961693116564
3569,DVS '33 Ermelo,1535.9230893872975
349,Barnsley FC,1535.7749762464384
512,Stoke City,1535.5672824298038
5660,Linlithgow Rose FC,1535.3449126880116
197,AC Sparta Prague,1535.2072552758082
903,Hibernian Football Club,1535.1519626612574
2795,Raith Rovers FC,1534.420500858886
3028,Elgin City FC,1533.717749672165
1798,Holbaek B&I,1533.6326546154257
5776,Fodbold Club Fredericia,1533.5807457257586
3034,Stranraer FC,1533.5676876277232
687,Molde FK,1532.520941382834
1158,Football Club Lorient-Bretagne Sud,1531.4342787208518
35312,Drumchapel United FC,1531.308534445692
3985,AO Acharnaikos,1531.2812611980455
1035,Sheffield Wednesday,1531.1885719482075
156,Levski Sofia,1531.1004386383718
413,LASK,1530.949198721407
5842,VSK Aarhus,1530.6460013933347
3026,Greenock Morton FC,1530.3067374681598
3820,Mansfield Town,1529.8941913248525
527,FC Lausanne-Sport,1529.838224060825
23616,Fraserburgh FC,1529.699089951545
53629,Agrobiznes Volochysk,1529.2033942734936
2454,Doncaster Rovers,1529.1804141935459
170,Rapid Vienna,1529.1191285455045
7,Al Ahly FC,1528.5019874126506
17602,The Spartans FC,1528.4649592893197
74869,VPK-Agro,1528.41845043827
8364,Benburb FC,1528.2656371968585
1005,Unione Sportiva Lecce,1528.1994279239927
614,CR Flamengo,1528.1176450206444
34396,VV Hoogeveen,1527.5460950570132
11107,Videoton FC,1527.5066454644907
368,Sevilla Fútbol Club S.A.D.,1527.2596210073657
152,Samsunspor,1527.1083145487953
61,Servette FC,1526.7255494138813
65423,FSC Mariupol,1526.1223095244384
9415,APS Zakynthos,1525.9880972754167
6547,Darvel FC,1525.7298308064344
75807,Ishöj IF,1525.3097797386497
91328,Dinamo Vladivostok,1524.7043197238063
7110,Quick Boys,1524.5010963627763
2784,APOEL Nicosia,1524.4986244266172
22110,FC Helsingör,1524.4361634680151
2288,Swansea City,1524.2518971532766
10518,Sauchie Juniors FC,1524.1961533643018
44482,Broomhill FC,1523.9073703764532
738,Le Havre Athletic Club,1523.8712672903905
67218,Almyros Gaziou,1523.7569611222327
1050,Villarreal Club de Fútbol S.A.D.,1523.74129921373
1842,FC Roskilde,1523.5509288117041
3884,AFC Wimbledon,1523.465104790559
28457,East Kilbride FC,1523.3038947399793
13642,BVV Barendrecht,1523.2192943609991
101401,Asteras Kesarianis,1523.1773520242662
3993,AO Trikala,1523.1249644873535
200,Football Club Utrecht,1523.0175470615768
3,1. Fußball-Club Köln,1522.9751406834703
1429,Cesena FC,1522.9483647928653
2448,Sporting Gijón,1522.5423814381058
4604,AS Edessaikos,1522.5
6461,PAO Rouf,1522.5
35429,Ethnikos Sochou,1522.5
1192,Ayr United FC,1522.3685045406567
5546,FK Mlada Boleslav,1521.9205812191146
5866,Brönshöj Boldklub,1521.822790246142
74281,Ionikos Ionias,1521.816593554955
7185,Panthrakikos Komotini,1521.813790728434
19964,GVVV Veenendaal,1521.7792796674476
26144,Dunbar United FC,1521.650725231442
16253,Broxburn Athletic FC,1521.1798706596517
3194,Brechin City FC,1521.1328214777961
5572,Niki Volou,1520.957678703812
29397,AO Giouchtas,1520.8990273833263
1083,FK Rostov,1520.7290237835605
26154,Tranent FC,1520.665222313867
17593,Camelon Juniors FC,1520.5371992884718
3016,Forfar Athletic FC,1520.4898180207063
20603,Bonnyrigg Rose FC,1520.350031811763
23703,Dundee North End FC,1520.2866395482285
429,Apollon Limassol,1520.241559723308
27227,Lokomotyv Kyiv,1520.2228894246302
1112,Wrexham AFC,1520.2157291174153
10690,FC Zorya Lugansk,1520.0851499064538
6422,MFK Mykolaiv,1520.082684535838
1269,Prins Hendrik Ende Desespereert Nimmer Combinatie Zwolle,1520.0777718226338
3015,Annan Athletic FC ,1519.8081471060862
3491,Brora Rangers FC,1519.671363920697
23297,HB Köge,1519.5408025557417
49675,Hilleröd Fodbold,1519.4528881615806
853,F91 Dudelange,1519.4394994595018
101808,Asteras Stavrou,1519.4005312136442
2407,CF Monterrey,1519.3664411626662
2722,SPAL,1519.3651013876622
48728,FC Mykolaiv,1519.1475082420282
6325,Pollok FC,1519.0170545744832
29109,Girnyk-Sport Gorishni Plavni,1518.9959090948705
12451,RKSV Groene Ster,1518.8460748744533
38,Fortuna Düsseldorf,1518.8259832035756
85465,FK Karpaty Lviv,1518.2976790925065
7055,Tigres UANL,1517.7541399240329
101577,Amkal Moskau,1517.5625876192944
29391,IF Lyseng,1517.5478186351554
3012,Stenhousemuir FC,1517.402630683115
49318,PAS Acheron Kanalakiou,1517.2953497212254
18154,VV Gemert,1517.2522703082889
269,Holstein Kiel,1517.0999795014934
81169,FK Chernigiv,1517.0804444899916
6131,Dynamo Brest,1516.9848401339525
110586,UCSA Tarasivka,1516.8475423292716
69261,Inter Miami CF,1516.5749615005805
1053,Aalborg BK,1516.2724722472349
3368,Levante Unión Deportiva S.A.D.,1516.2374808283826
537,Botafogo de Futebol e Regatas,1516.2242408643951
20945,VV Capelle,1516.1718657626177
16173,Vanlöse IF,1516.1504070047793
642,De Graafschap Doetinchem,1515.9218205307352
74868,Alyans Lypova Dolyna,1515.8904111976117
1181,Blackpool FC,1515.8725505278878
65683,Kuban Holding Pavlovskaya,1515.5143634922076
90593,Polissya Stavky,1515.4470581896082
1023,Sociedade Esportiva Palmeiras,1514.8651024652502
7393,RKSV ROHDA Raalte,1514.6176655693394
7077,FC Cartagena,1514.542432824445
1420,Angers Sporting Club de l'Ouest,1514.5199085577383
23613,Formartine United FC,1514.5095484216824
648,CD Tenerife,1514.455340575976
37125,Apollon Paralimniou,1514.4133116911942
1837,Panachaiki GE,1514.4113193176447
3033,Stirling Albion FC,1514.264169929877
33432,VV Staphorst,1513.9741893072887
62,SK Slavia Prague,1513.923080347168
697,FC Slovan Liberec,1513.7575469991611
11259,CD Alcoyano,1513.6566849434855
3714,Enisey Krasnoyarsk,1513.2964148986161
5650,Pontevedra CF,1513.1385966076082
1003,Leicester City,1513.0644517187725
85287,Macclesfield FC,1513.044813501287
3243,KamAZ Naberezhnye Chelny,1513.0104006461183
12045,Dinamo Stavropol,1512.981012179493
10804,VV Sparta Nijkerk,1512.9482303842512
21035,FA 2000,1512.8233828736707
6251,Kuopion Palloseura,1512.79597986199
990,Coventry City,1512.7727907196736
55686,TOV FK Metalist 1925 Kharkiv,1512.6508132625638
59024,Rodina Moscow,1512.6423450394855
34156,USV Hercules,1512.612195095062
1536,Burgos CF,1512.377447414732
3023,Dumbarton FC,1512.245159869454
1071,Wigan Athletic,1512.18965469839
759,Slask Wroclaw,1512.1231868764462
144,HNK Rijeka,1512.1149454170716
72676,AE Evosmou,1512.1070687093986
3867,Boreham Wood FC,1512.089113861529
5889,Naesby Boldklub,1512.0844311229746
81612,Boldklubben Vestkysten Oksböl,1511.948856952304
6365,FC Locomotive Tbilisi,1511.9445375804964
35423,Diagoras Vrachneikon,1511.899145251431
127,SC Paderborn 07,1511.8263410771497
2262,Plymouth Argyle,1511.8076767472119
12054,FK Tyumen,1511.7714867901066
1,1.FC Saarbrücken,1511.6038298748656
16387,UD Barbastro,1511.5926438564015
48726,FC Rukh Lviv,1511.500346920561
11251,Whitburn FC,1511.25
42572,DTS '35 Ede,1511.25
37043,Apollon Kryas Vrysis,1511.25
30613,Kisvárda FC,1511.1782486681318
120,Kocaelispor Kulübü,1511.086835439411
43857,OFC Oostzaan,1511.046173691257
85489,Bo'ness Athletic FC,1511.0435292305258
11495,Ajax Amateurs,1510.9743681984344
59106,AE Lefkimmis,1510.892489206171
3943,HSV Hoek,1510.8916908551832
65682,FK Saransk ( -2022),1510.786791217304
5791,B1913 Odense,1510.7408654905353
128,AO Xanthi,1510.661617536023
3308,Panelefsiniakos AO,1510.619689171681
72529,Peresvet Domodedovo,1510.6006405905753
44455,VV Eemdijk,1510.5725275425486
4598,Poseidon Neas Michanionas,1510.5224644677721
36995,VV Sliedrecht,1510.521702200686
39200,Luki-Energia Velikie Luki,1510.5201583612127
88907,FK Skoruk,1510.508991094085
51142,Thiseas Agrias,1510.5025374311097
100805,AO Chaniotis,1510.4883241062323
1435,Go Ahead Eagles,1510.441978646377
29831,FCV Farul Constanta,1510.4290205121467
17605,RKAV Volendam,1510.396629337158
12886,Edinburgh City FC,1510.345479783807
1189,St. Patrick's Athletic,1510.0927249612446
101362,PFC Zvyagel,1510.058271812701
1531,Elche Club de Fútbol S.A.D.,1510.01818399958
60184,Vyron Kavalas,1509.9756386622446
6112,Piast Gliwice,1509.9674237017566
45913,Zvezda St. Petersburg,1509.9250964920875
52397,Unionistas CF,1509.918189733397
20057,AO Neas Ionias,1509.9015033896865
899,Walsall FC,1509.8696288106066
209,CA River Plate,1509.8350371139184
2669,FS Kozani,1509.8295164681856
2675,Proodeftiki Neolea,1509.8191510456297
1198,Lincoln City,1509.807071386268
8933,Cove Rangers FC,1509.7955775102696
11125,Tekstilshchik Ivanovo,1509.7858415090373
2227,SK Tavriya Simferopol ( - 2022),1509.7830443925943
12439,Volga Uljanovsk,1509.6874486820827
129864,Kolos Polonne,1509.6710944625063
417,Olympique Gymnaste Club Nice Côte d'Azur,1509.6501983777391
466,Preston North End,1509.645352550232
8626,RKSV Halsteren,1509.575246141567
5881,Hedensted IF,1509.5227398905888
6188,Johnstone Burgh FC,1509.4687101486131
8568,AD Ceuta FC,1509.4642655046966
97548,FC Lisne,1509.4546800903104
33741,FC Drita,1509.4541679017443
12351,Linares Deportivo,1509.411738777908
23705,Dunipace FC,1509.4013199067078
6356,Mamelodi Sundowns FC,1509.273048897817
112611,TST Fodbold,1509.2011174636998
87879,FK Kudrivka (- 2024),1509.1493364848443
20108,Jammerbugt FC,1509.1076100768246
164,Blackburn Rovers,1509.018641892618
18687,CD Atlético Baleares,1508.6974006473909
4542,Cultural Leonesa,1508.3998989910601
3804,Kelty Hearts FC,1508.3218944527257
6699,Exeter City,1508.1161808483319
1532,Albacete Balompié,1507.9733694874124
12567,CD Eldense,1507.9450517479786
829,Omonia Nicosia,1507.8511944480904
8942,Beith Juniors FC,1507.8422151608036
337,Birmingham City,1507.7476958502123
3057,Royal Standard Club de Liège,1507.6860327235195
120646,Agrotekh Tyshkivka,1507.5365627855117
2577,Hartlepool United,1507.479274238166
4128,Amkar Perm,1507.444596062758
1132,Burnley Football Club,1507.2352432501377
44584,Deportiva Minera,1507.160350203247
6432,Volgar Astrakhan,1507.1453943197118
7047,Maidstone United,1507.132680212865
59522,PSK Dinskaya,1507.097103261241
78749,Forte Taganrog,1506.9454111607797
11123,Mashuk-KMV Pyatigorsk,1506.8993729730632
25377,Arandina CF,1506.894703384296
3052,Sutton United,1506.872195056732
13286,Chorley FC,1506.825139607799
121097,Broke Boys Moscow,1506.8190619274685
111182,Probiy Gorodenka,1506.8081273439843
1150,Leyton Orient,1506.7026329687578
4,1.FC Nuremberg,1506.6017410261827
48332,FK Kolos Kovalivka,1506.3709993219436
12346,FC Progrès Niederkorn,1506.3261342862575
12444,Znamya Truda Orekhovo-Zuevo,1506.3074548285451
2838,AFC Amsterdam,1506.152724133343
67107,FC Leningradets ,1506.1426879267976
68289,Krasnoe Znamya Noginsk,1506.1361352154875
1084,Málaga CF,1506.132309220036
67212,CF Intercity,1506.0098677054566
132096,Kristall-MEZT Borisoglebsk,1505.8994820821958
2,1.FC Kaiserslautern,1505.753308812006
630,Racing Santander,1505.7377432358817
16576,CD Guadalajara,1505.7368360284786
202,Football Club Groningen,1505.6232635490335
107473,Atlético Palma del Río CF,1505.5592007404935
101576,2DROTS Moskau,1505.3655254929927
12285,Kozakken Boys,1505.3077337233046
9933,VV Katwijk,1505.079599333056
8606,FK Auda,1505.0789184226908
4585,Anagennisi Karditsas,1504.9191006194915
26016,Sportlust '46 Woerden,1504.8534035747232
2259,Lokomotiv Plovdiv,1504.8392951957217
46710,Zira FC,1504.8312388822158
55398,Ourense CF,1504.815823949576
53645,PFC Prykarpattya Ivano-Frankivsk,1504.6835515366552
84296,CD Sant Jordi,1504.6724876666628
189,CA Boca Juniors,1504.5346432805663
1195,Kidderminster Harriers,1504.4530959640451
9211,Bohemian Football Club,1504.3354264770944
4000,Lechia Gdansk,1504.2887372342486
327,NK Osijek,1504.2507103799605
58065,Veles Moscow,1504.221269090721
11177,Fleetwood Town,1504.130692907387
93935,Atlètic Sant Just,1504.070764592282
3712,Weston-super-Mare AFC,1504.0311130759726
897,Deportivo de La Coruña,1504.0239465770517
54923,FC Cherepovets,1503.9289688447232
33535,Biolog-Novokubansk Progress,1503.9039845194277
128785,KDV Tomsk,1503.898643781165
29270,Atlético Mancha Real,1503.8932403509993
23110,FK Chelyabinsk,1503.8747064337326
10532,B36 Tórshavn,1503.8250554519373
786,AEL Limassol,1503.8129858390828
8780,Sligo Rovers,1503.8037448839468
102743,Composite Pavlovskiy Posad,1503.7954227014939
56,Rot-Weiss Essen,1503.780724221452
16196,UE Cornellà,1503.684993619909
972,Yeovil Town,1503.6734053401933
14796,CF La Nucía,1503.6648067096894
14590,Spartak Kostroma,1503.6120589818463
272,AIK,1503.5967243188952
91420,FK Krasava (-2022),1503.5868419010083
1293,Tromsø IL,1503.5843993750818
55591,Dinamo St. Petersburg,1503.4834880437736
73876,CE Andratx,1503.4633572939433
68037,Khimik-August Vurnary (-2024),1503.4320501626137
25495,Kolding Boldklub,1503.415851222429
3030,Montrose FC,1503.4024772776236
47421,CF Talavera de la Reina,1503.3641397049612
3690,SKA Khabarovsk,1503.2679054121686
132095,Fankom Kirov,1503.2385347408701
99200,Kosmos Dolgoprudnyi,1503.2214319963111
36972,Chaika Peschanokopskoe,1503.000191271566
109,SSV Jahn Regensburg,1502.980050352371
42,Hannover 96,1502.9536645191156
9439,Feralpisalò,1502.9130584495708
11000,CD Lugo,1502.907830099446
16486,CF Fuenlabrada,1502.8897816114509
12361,Marbella FC,1502.87536601102
254,SV Sandhausen,1502.8049477357965
10907,Zamora CF,1502.7879698510371
84,Debreceni VSC,1502.7518255416178
18586,Blauw Geel '38 / Jumbo,1502.723672072707
2432,SC União Torreense,1502.6901678484
43532,FK Tuzla City,1502.6695291543558
55875,CD Buñol,1502.6089096422463
24185,Saedding/Guldager IF,1502.5922742642733
81150,Olimpia Savyntsi,1502.5790881061075
355,Bolton Wanderers,1502.543290665279
75506,Alania Vladikavkaz,1502.5419323293
7788,Académico Viseu FC,1502.5114112812635
5734,Young Boys FD,1502.4984565380587
385,Fortuna Sittardia Combinatie,1502.4876767494404
6808,HSK Zrinjski Mostar,1502.4709128372194
353,Lillestrøm SK,1502.4341318472755
3470,Cumnock Juniors FC,1502.3887111362926
90654,Kairat Moscow ( -2022),1502.3320982805762
70777,Volna Kovernino,1502.3243467256539
77,Vardar Skopje,1502.2938910442472
2150,Al-Ain FC,1502.2289990518834
67509,Torrent CF,1502.102608521052
12697,UE Sant Andreu,1502.0475955336744
20979,Viby IF,1501.8891535183486
24794,Chiclana CF,1501.859259495259
12163,Paksi FC,1501.7640023775666
1876,Pierikos Katerini,1501.7464474068788
102251,CD Cazalegas,1501.6251076177377
40735,UE Vic,1501.5219071992965
260,FC Zürich,1501.488346942137
58946,CD Arenteiro,1501.4764149835498
16602,UB Conquense,1501.4366845015722
62414,CD Yuncos,1501.4289911372634
105712,CD Gévora,1501.4206299213834
29201,HZVV Hoogeveen,1501.3762166150657
14178,Neman Grodno,1501.3689439932914
444,BK Frem,1501.3578562264554
1110,Huddersfield Town,1501.3344751514796
38651,CD Santa Amalia,1501.3114875011947
134732,Puerto de Vega CF,1501.3097731922082
92096,CD Hernán Cortés,1501.295925244783
10935,Dalbeattie Star FC,1501.254582120431
69359,CF Independiente Alicante,1501.2095646405473
132877,Dengoff Denykhivka,1501.1712096866925
6055,ETO FC,1501.1537337048806
20423,Nyva Vinnytsya,1501.1481255046078
26459,NK Veres Rivne,1501.1267577303806
23010,Marine FC,1501.1263589049197
22249,Audace Cerignola,1501.1256748591782
7056,CD Mafra,1501.0958226734815
33427,SV Urk,1501.0878653772224
35273,PAO Vardas,1501.0595186113692
986,Cambridge United,1501.0352765525704
21784,Sundby Boldklub,1500.9872035722422
24232,Bo'ness United FC,1500.9840490584536
36551,CD Quintanar de la Orden,1500.9208044883321
44594,RKVV DEM,1500.9128452550221
42928,UE Rubí,1500.904318755091
1839,KA Akureyri,1500.8937790205619
5287,Chernomorets Novorossijsk,1500.8594320160719
83848,Reus FC Reddis,1500.840608359999
29739,CD Getxo,1500.8186920455448
988,Oxford United,1500.8175612467232
41305,Mejrup GU,1500.8070268395356
54585,Sepsi OSK Sf. Gheorghe,1500.8029557018249
2721,US Alessandria Calcio 1912,1500.7618810036581
377,FC Banik Ostrava,1500.7430351532762
34119,UD Maracena,1500.7355632498866
48,Karlsruher SC,1500.7303986053366
20928,Velarde Camargo CF,1500.7300475601764
50713,Aris Avatou,1500.7105317726157
42039,Salamanca CF UDS,1500.7076259146356
90825,Victoria CF,1500.7057593370128
59757,CD Arnedo,1500.6950864268754
1059,Hammarby IF,1500.692773592352
82885,Ermis Meligous,1500.69079806212
301,Steaua Bucharest,1500.677126556043
86545,Nörrebro FF,1500.6673261318488
122524,CF Inter de Valdemoro,1500.64147271677
3831,Coleraine FC,1500.6395680528174
102249,CD Fuentes,1500.6174543134905
121966,CD Villamuriel,1500.5907996691867
50257,Atlético Saguntino,1500.5779907021085
21966,RKSV Nuenen,1500.5737204113498
20921,CDA Navalcarnero,1500.5532226089326
14524,Dundonald Bluebell JFC,1500.5442547627338
324,Pogon Szczecin,1500.5249731535512
6212,Real Ávila CF,1500.5231579875347
69006,Atzeneta UE,1500.4909304056755
40812,CS Universitatea Craiova,1500.4908704480583
112751,CF Tardienta,1500.4575283681268
77657,CD Autol,1500.4273753653322
49699,UD San Pedro,1500.4138778095726
74132,SD Solares-Medio Cudeyo,1500.3983160762655
1027,Bradford City,1500.3956389471186
6248,NK Domzale,1500.3955970523573
75190,FK Vovchansk,1500.375558674334
4608,GAS Ialysos 1948,1500.3523696795924
4599,Vataniakos Katerinis,1500.3306549368162
4117,Wealdstone FC,1500.32821024223
91485,CD Utrillas,1500.3227075570128
77303,FC Horsens,1500.3205991660036
35473,Pamisos Messinis,1500.3178146490584
2821,FC Lisse,1500.3024288804927
29359,RKSV HVCH,1500.2712713204648
75596,Dinamo Vologda,1500.2620207158807
8023,Al-Ittihad Club,1500.2616937136465
60613,CP Parla Escuela - Fair Play,1500.2423257052283
41394,CD Boiro,1500.2409174677846
447,HNK Hajduk Split,1500.2322383002486
60614,CF San Agustín,1500.1979142070888
4529,DAC Dunajska Streda,1500.1916040693877
54356,CD Ribadumia,1500.1722980553534
187,1.FC Magdeburg,1500.1483907393956
20923,Khimik Dzerzhinsk,1500.1447558872126
45048,Taastrup FC,1500.1325258171594
6433,Zenit Izhevsk,1500.091535996999
55329,Zenit Irkutsk,1500.0795415543832
2700,Anzhi Makhachkala ( -2022),1500.0775622534018
26151,Luncarty FC,1500.0684148824466
2079,Veria NPS,1500.0606059037516
78005,Raklev GI,1500.0587097199318
12178,Frederikshavn fI,1500.0536110183207
111240,Universitet Uljanovsk,1500.0502184784175
21034,FC Culpa,1500.0431026142362
121777,AC Football Club,1500.0408520362992
116786,Sokol Kazan,1500.0365505764837
76,Vålerenga Fotball Elite,1500.0289240123775
18693,SD Ejea,1500.0257624498256
33777,Alvechurch FC,1500.0224643803158
3349,CD Feirense,1500.0138670198874
41230,CD Diocesano,1500.0119422995253
708,Újpest FC,1500.0060714426081
30696,UD Socuéllamos,1500.0
709,Budapest Honvéd FC,1500.0
37486,Darlington FC,1500.0
82886,Aris Skalas,1500.0
57296,Megas Alexandros Trikalon Imathias,1500.0
13231,Haro Deportivo,1500.0
80237,FK Utopia,1500.0
14632,Aias Salaminas,1500.0
3386,Agrotikos Asteras,1500.0
96822,Naftovyk Dolyna,1500.0
4592,FAS Naousa,1500.0
74822,AO Diavolitsiou,1500.0
26091,Al-Duhail SC,1500.0
6098,PO Atsaleniou,1500.0
21851,Aittitos Spaton,1500.0
24996,Pandramaikos AO,1500.0
44572,VV Buitenpost,1500.0
55187,Amvrysseas Distomou,1500.0
2782,JFK Ventspils,1500.0
68437,Anagennisi Plagias,1500.0
8818,FC Botosani,1500.0
6100,APO Keratsini,1500.0
6683,Canvey Island FC,1500.0
8969,Tikves Kavadarci,1499.990230654938
20416,Ramsgate FC,1499.9822928604915
2502,CD Castellón,1499.982176077906
91860,Feniks Pidmonastyr,1499.9734415444796
12652,SV TEC Tiel,1499.9723753629837
71824,Aris Voulas,1499.9661946397914
4279,Farnborough FC,1499.9597141753363
21652,Chippenham Town ,1499.9595432542317
4026,CSV Apeldoorn,1499.951694243759
91411,Spartak Tuymazy,1499.9191889026408
41404,,1499.9190623144075
93481,San Tirso SD,1499.9183301979192
239,Viking FK,1499.909956981578
71,Stuttgarter Kickers,1499.9094134357563
50983,FK Podgorica,1499.8834576959641
1242,NK Siroki Brijeg,1499.8834576959641
32125,Mosta FC,1499.8834576959641
80310,Kerteminde BK,1499.8716313070468
2374,Shinnik Yaroslavl,1499.8641299995454
1176,Racing Ferrol,1499.8593032173787
73192,StavropolAgroSoyuz Nevinnomysk,1499.8591689155962
120579,Ontiñena CF,1499.8548798101094
29387,Egen UI,1499.850321439798
3721,Alfreton Town,1499.8481211278745
20529,Dinamo Kirov,1499.8393562534163
10716,VV Kloetinge,1499.835016064106
520,Cercle Brugge Koninklijke Sportvereniging,1499.8279484425639
3716,Newport County,1499.827270318986
90,SV Babelsberg 03,1499.8242158994742
10895,Buxton FC,1499.7836561001498
599,NK Varazdin,1499.7767631060985
27116,FK Kukësi,1499.7571869432222
91419,Bröndby Strand IK,1499.7498409783193
83483,Manises CF,1499.7263632319778
77676,CD Cantolagua,1499.6861951191281
54375,Asteras Petriti,1499.6700803966128
65123,Pangytheatikos,1499.67006010196
66,SpVgg Unterhaching,1499.6524481439
50108,CD Algar,1499.6489641126454
588,FC Dinamo City,1499.6476409220863
10627,FC Orel,1499.6412269698492
101582,Temp Barnaul,1499.641084039185
42907,CFJ Mollerussa,1499.6368202795
10791,Renova Dzepciste,1499.635851100343
4271,US Triestina,1499.635851100343
32832,FK Riteriai,1499.635851100343
29390,Grindsted GIF,1499.635851100343
4587,Aris Soudas,1499.635851100343
1004,FK Zeta Golubovac,1499.635851100343
6089,Casarano Calcio,1499.635851100343
21500,Roda '46 Leusden,1499.635851100343
6692,Novara Calcio 1908,1499.635851100343
1415,Città di Teramo 1913,1499.635851100343
24981,Erani Filiatron,1499.635851100343
56447,SSD San Nicolò Notaresco,1499.635851100343
24898,AC Renate,1499.635851100343
4541,UC AlbinoLeffe,1499.635851100343
4255,SS Arezzo,1499.635851100343
4146,Aurora Pro Patria,1499.635851100343
75083,Racing Murcia FC (-2024),1499.6309678576984
3825,Kettering Town,1499.6290107029527
21777,BK Fremad Valby,1499.6204201268579
1227,RBC Roosendaal,1499.6123367615166
31775,Syngenta FC,1499.6083498803987
20220,Arosa SC,1499.605470577304
11596,AD Alcorcón,1499.5988878507408
50120,UD Barbadás,1499.5922832258152
56725,CD Cieza,1499.5722250649474
82055,Anaitasuna FT,1499.5551823083601
422,Wisla Kraków,1499.5422726482884
1097,SV Meerssen,1499.538262221726
60356,Unami CP,1499.5301138655261
6563,Astur CF,1499.5232464482901
1028,Millwall FC,1499.4936978666253
11623,CD Laguna,1499.4677818051741
65024,Thyella Kamariou,1499.433768510962
56922,AO Neas Artakis,1499.3970417685443
16866,SC Genemuiden,1499.367428797724
28931,BFC Daugavpils,1499.3648665376934
27088,HV & CV Quick,1499.363050995039
54654,FC Graesrödderne,1499.3565573772262
52173,CD Rincón,1499.3431662705611
25119,Bramming Boldklub,1499.3243734886496
74177,SV Poortugaal,1499.3031319016977
61045,AEP Kozanis,1499.2948799651158
21615,KVV Quick '20 Oldenzaal,1499.2893173360585
24193,Tuse IF,1499.2838624334738
4482,Volyn Lutsk,1499.2812241951358
26395,UD Tomares,1499.2549051872847
89408,Görslev IF,1499.24652046756
91484,CD Villa de Fortuna,1499.2372115932822
7769,CFR Cluj,1499.2243267434483
458,Palermo FC,1499.2233522827794
12432,FK Astrakhan,1499.159135640869
7408,Harkemase Boys,1499.1407801766663
112753,Deportivo Murcia FC,1499.1339426305296
459,FC 08 Homburg,1499.0456030704377
44452,SC 't Zand,1499.0323264530336
2945,OJC Rosmalen,1499.013743411775
968,Koninklijke Voetbal Club Westerlo,1498.9790547384225
12423,Kecskeméti TE,1498.9270606241387
3345,Leixões SC,1498.9252295948677
21515,Dungannon Swifts FC,1498.9240087904873
94729,SC Korosten Agro-Nyva,1498.9173331132713
16492,UD Melilla,1498.888658026286
67612,Hörsholm Usseröd IK,1498.8806868656877
28954,Ballerup Skovlunde Fodbold,1498.859006244242
7526,SV ARC Alphen aan den Rijn,1498.833143738582
21006,Ledöje-Smörum Fodbold,1498.8040738420664
2712,Nyva Ternopil,1498.7767290549248
53395,CD l’Alcora,1498.7444583087254
18691,Club Portugalete,1498.7342299758423
93728,CD Huracán Melilla,1498.7051781448972
22235,Boldklubben Marienlyst,1498.693092906292
132873,IRON Zaporizhya,1498.6707557527577
63702,AO Ypatou,1498.6666845791049
22388,Lochee United FC,1498.628345725146
50728,PO Fikis,1498.612557304443
33424,ODIN '59 Heemskerk,1498.592992474467
84090,Panagriniakos,1498.590844716206
3717,Aldershot Town,1498.548488095639
2589,SG Sonnenhof Großaspach,1498.5446229925778
171,Real Murcia CF,1498.5438488333502
4032,SD Ponferradina,1498.4386335181796
85,SV Waldhof Mannheim,1498.4346046598826
46887,KF Dukagjini,1498.3565887941234
11075,RKVV Westlandia,1498.3074639132676
68608,CF Os Belenenses,1498.2063709375814
10558,Carnoustie Panmure JFC,1498.198667783738
628,FK Velez Mostar,1498.1780122134546
4054,Orihuela CF,1498.1605350386847
35,Fußball-Club St. Pauli von 1910,1498.1544241661036
11602,CP Cacereño,1498.1264816191576
20519,Virtus Entella,1498.126423638005
36755,Isloch Minsk Region,1498.054150218013
1270,Dunfermline Athletic FC,1498.0409173773087
4441,Wolfsberger AC,1498.0288460376403
10480,Shakhter Karaganda,1497.9953666196898
21532,Crusaders FC,1497.9613291726928
101648,CD Extremadura 1924,1497.933317527889
67321,CD Cardassar,1497.9072832423624
21322,Atlético Sanluqueño CF,1497.8749742905268
6168,Barrow AFC,1497.873058885331
1348,FC-Astoria Walldorf,1497.8650654653777
42457,Club Atlético Antoniano,1497.706415025364
40604,Arda Kardzhali,1497.7015023250137
26985,NK Bravo,1497.6975049945418
25462,Jove Español San Vicente,1497.683286913751
14763,Aalborg Freja IK,1497.6708732991383
7052,CF Villanovense,1497.661514964319
3539,Tamworth FC,1497.6421193131953
92869,CE Atlètic Lleida,1497.5949241182739
4004,Nafpaktiakos Asteras,1497.5366931502742
3878,Hill of Beath Hawthorn,1497.4064168909972
76942,CF Panadería Pulido,1497.3819499736896
1909,Holstebro Boldklub,1497.272228385628
24420,UD Logroñés,1497.229798551418
40979,CD Cayón,1497.1704373644031
47880,CD Ebro,1497.1503020029756
13222,CD Mirandés,1497.1416265847233
38405,Atlético de Lugones,1497.114651326165
1193,Bahlinger SC,1497.096881574651
5008,TuS Makkabi Berlin,1497.0627781926355
8449,VV UNA Veldhoven,1497.0612399881684
1894,Hvidovre IF,1497.04230428655
10004,Paris Football Club,1497.0342797100448
2296,CD Numancia,1497.018822935004
20233,SD Negreira,1497.0103955844986
29808,Tilykratis Lefkadas,1496.9929758970943
3733,Neftekhimik Nizhnekamsk,1496.9859233669017
10586,Aris Limassol,1496.9426040602189
50649,SD Almazán,1496.9423663925038
44694,SJC Noordwijk,1496.9298699201397
2239,Unione Sportiva Cremonese S.p.A.,1496.9087121836508
16055,Bergantiños FC,1496.8838872503334
169,Panionios Athens,1496.882299558752
12456,Türkgücü München,1496.863795180602
12405,Real Unión Club,1496.8397941035284
18603,TuS Bersenbrück,1496.7763713992572
13240,Sestao River,1496.774106679036
22140,KF Laçi,1496.7491511145809
4645,FK Radnicki 1923 Kragujevac,1496.741084100668
2929,CD Toledo,1496.7397254641576
26147,Jeanfield Swifts FC,1496.7241216596274
70288,UD Los Garres,1496.7160317733542
67453,1.FC Düren,1496.6776390143973
132383,Karbon Cherkasy,1496.6621631641292
35935,CD Palencia Cristo Atlético,1496.6567719026832
44360,Araz-Nakhchivan ,1496.654369085404
4639,FK Mornar Bar,1496.6368843749756
11121,Dinamo Bryansk,1496.5969510297227
24445,CD Estepona FS,1496.5955517022114
6434,Zvezda Perm,1496.5948393735257
3342,Esperance Tunis,1496.5508009833763
121100,SShOR-1 Kristall St. Petersburg,1496.5416191520958
6673,SKA Rostov-na-Donu,1496.5176027090608
40977,Atlético Astorga,1496.51704388932
2802,Airdrieonians FC,1496.515375333451
26444,SV Hemelingen,1496.4811895020378
81,VfL Osnabrück,1496.4517895153392
13226,Caudal Deportivo,1496.4495223176987
3696,Dagenham & Redbridge FC,1496.4284061527965
13436,RSD Alcalá,1496.4217551724087
38899,King's Lynn Town,1496.415029007422
10284,SC Weiche Flensburg 08,1496.4085759612858
60225,UD Ourense,1496.4058930816136
698,Bristol City,1496.4018493355754
60350,Salerm Puente Genil FC,1496.3992864423415
726,FK Pirmasens,1496.3916213324699
834,TSG Balingen,1496.367137376588
22810,FK Armavir,1496.3635828182626
132097,Real World Challenge St. Petersburg,1496.3598892476969
132258,CD Unión Malacitano,1496.3544991897365
134,Xerez CD,1496.3443067611568
67752,Calvo Sotelo Puertollano CF,1496.341789199614
38456,UE Olot,1496.337494926982
3822,Weymouth FC,1496.3331046333512
77192,,1496.3309376855925
3698,Chelmsford City,1496.3307809711675
3694,AFC Telford United,1496.3267144241697
117533,Stroitel Kamensk-Shakhtinskiy,1496.3262662906707
1068,SV Straelen,1496.316106870913
142,Real Zaragoza,1496.3152405333278
73488,AD Llerenense,1496.310005609424
44564,Xerez Deportivo FC,1496.3048120422575
1151,TSG Neustrelitz,1496.3018242416272
23118,Stratford Town,1496.2962165084296
16596,Peña Sport FC,1496.2946421746274
21122,CD Móstoles URJC,1496.2938558308742
70127,CD Brea,1496.293781358462
299,Wuppertaler SV,1496.2932762806963
41604,Atlético Tordesillas,1496.2924646929312
29476,RSV Eintracht 1949,1496.2901280807653
11438,Harrow Borough FC,1496.2896000663072
24791,Unión Club Ceares,1496.2894241018562
12058,Ocean Nakhodka,1496.2891255979196
7021,Einheit Wernigerode,1496.2684053227053
17980,Hemel Hempstead Town,1496.260018745297
2643,ZFC Meuselwitz,1496.2594158085074
41029,CF Vimenor,1496.258017929677
3937,Merthyr Town FC,1496.2505775920763
29512,Chatham Town,1496.2501509225744
35164,CD Marino,1496.25
53286,CA Cirbonero,1496.25
34860,Yate Town,1496.25
12658,Guiseley AFC,1496.25
56733,Bowers & Pitsea FC,1496.25
55644,CP Mijas Las Lagunas,1496.25
91017,UD Rotlet Molinar,1496.25
12605,Real Balompédica Linense,1496.25
38173,Vélez CF,1496.25
91329,CF Jaraiz,1496.25
112754,CD Sauzal,1496.25
101581,SSh-7 Karelia,1496.25
53283,Club Polideportivo El Ejido,1496.25
66283,FC Balashikha,1496.25
77079,UD Montijo,1496.25
101579,Nefis Kazan,1496.25
6128,VfL Oldenburg,1496.25
101580,Peresvet-Trekhgorka Domodedovo,1496.25
53181,Mora CF,1496.25
103271,CD Monte Santander,1496.25
93720,CD Aldeano,1496.25
112752,CD Zirauki,1496.25
6685,CD Utrera,1496.25
46339,Atarfe Industrial CF,1496.25
55944,Atlético Espeleño,1496.25
112755,CU Zona Norte,1496.25
83403,SE Penya Independent,1496.25
85373,,1496.25
102250,,1496.25
93726,CD Injerto,1496.25
26132,UE Llagostera,1496.25
100630,,1496.25
3705,Algeciras CF,1496.25
91335,CD Hernani,1496.25
58950,Nalón CF,1496.25
20952,AFC Totton,1496.25
52,MSV Duisburg,1496.25
8820,Hampton & Richmond Borough,1496.25
22692,Skelmersdale United,1496.25
29842,Concord Rangers,1496.25
20428,FC United of Manchester,1496.25
75233,Inter Cherkessk (-2021),1496.25
11143,Bishop's Stortford FC,1496.25
6413,Lada Dimitrovgrad,1496.25
14672,Tonbridge Angels,1496.25
76277,,1496.25
3713,Eastbourne Borough,1496.25
134734,,1496.25
124553,Shumbrat Saransk,1496.25
93948,CF Campanario,1496.25
70259,CF Rusadir,1496.25
70266,UD Guía,1496.25
82063,AUGC Ceuta (- 2020),1496.25
75803,Móstoles CF,1496.25
85571,Miengo FC,1496.25
83500,CP Chinato,1496.25
82054,Real Titánico,1496.25
82062,CD Colegios Diocesanos,1496.25
40731,CF Montañesa,1496.25
82058,CF Épila,1496.25
4955,SC Wiedenbrück,1496.25
1534,,1496.25
77659,,1496.25
120198,,1496.25
120578,,1496.25
5300,FSV Union Fürstenwalde,1496.25
7025,SV Todesfelde,1496.25
17835,MTV Eintracht Celle,1496.25
17847,VSG Altglienicke,1496.25
1931,RSV Meinerzhagen,1496.25
38268,CD Manchego Ciudad Real,1496.25
476,TSV Havelse,1496.25
39470,TSV Steinbach Haiger,1496.25
120348,,1496.25
67976,Krasniy-SGAFKST Smolensk,1496.25
123045,,1496.25
58953,,1496.25
24718,1.FC Rielasingen-Arlen,1496.25
120577,UD Playas de Sotavento,1496.25
107,Kickers Offenbach,1496.2499714435112
37029,FK Dolgoprudnyi,1496.2495632054595
54922,Atom Novovoronezh,1496.2491231787742
21560,Montilla CF,1496.2483147397415
40162,CD Tropezón,1496.2477233524387
18263,Taunton Town,1496.2476569232226
73244,FK Smolensk (-2021),1496.2469369574471
53289,Electron Velikiy Novgorod,1496.2416556714752
121099,ZOV Moscow,1496.241339704343
11310,Slough Town,1496.2404962196997
1051,Coalville Town,1496.2403244705934
3708,Barakaldo CF ,1496.2394522268999
26957,SV Rödinghausen,1496.2365994681468
293,FSV Frankfurt,1496.2307023689154
9027,Kilwinning Rangers FC,1496.2298475217513
45922,Spennymoor Town,1496.226430445989
5560,BSV Schwarz-Weiß Rehden,1496.2238079519932
83289,Metallurg Vidnoe,1496.2099632890568
101578,Zhasmin Mikhaylovsk,1496.2099631883823
10226,1.FC Kaan-Marienborn,1496.2098064551296
3835,Worksop Town,1496.2098063462838
20914,CD Pradejón,1496.2095264430798
20915,CD Santurtzi,1496.2095264430798
25745,Needham Market FC,1496.2095264430798
6340,Braintree Town,1496.2095264430798
111238,Rodina Media Moskau,1496.2095264430798
2794,Havant & Waterlooville FC,1496.2095264430798
6579,AFC Sudbury,1496.2095264430798
25483,CD Covadonga,1496.208381775441
61498,CD Cuarte,1496.2070475438884
90844,CD Ursaria,1496.2027555142497
26353,CD Huétor Tájar,1496.200780833201
72,TSV 1860 Munich,1496.1963601435086
11422,CE Sabadell FC,1496.1932961351401
5647,Rostocker FC 1895,1496.1912545332102
17675,Whitby Town,1496.1859907148182
41444,UM Escobedo,1496.1753324096485
18443,CD Don Benito,1496.1736525717818
76609,Sheppey United,1496.1723950581707
54990,Buryatia Ulan-Ude,1496.169429238773
60605,UD Sámano,1496.1692231604895
22563,Oxford City,1496.1690623144075
2639,União de Leiria,1496.168784081284
5223,Maccabi Netanya,1496.1663565982303
22995,Qyzyljar Petropavlovsk,1496.1426809826835
6609,UD Lanzarote,1496.1312809531803
72265,Pioner Leningradskaya,1496.1290649483474
57379,UD San Fernando,1496.1201849634642
971,Scarborough Athletic,1496.0939099040127
13223,CD Valle de Egüés,1496.081308718606
71624,Spartak Tambov,1496.0565352316257
87938,Harborough Town,1496.055417038611
99984,Sakhalinets Moscow,1496.0519492870462
91,Preußen Münster,1496.018123773293
21337,Yeclano Deportivo,1496.0100051887189
20963,CE Constància,1496.0045796662885
3826,St Albans City,1495.9717775623226
3054,Shrewsbury Town,1495.9344781794082
40175,UD Mutilvera,1495.929713886361
16122,Arenas Club,1495.852485305013
10597,Lothian Thistle Hutchison Vale FC,1495.8332901542346
71623,Torpedo Miass,1495.822362090668
102243,Turégano CF,1495.810246978454
35433,Kampaniakos,1495.8074526863168
68575,CD Atlético Paso,1495.807384906935
247,SV Meppen,1495.8060224982094
5892,Slagelse B&I,1495.793964752294
11245,UD San Sebastián de los Reyes,1495.728380257983
18669,Penya Deportiva Santa Eulalia,1495.7216171789635
5849,Víkingur Reykjavík,1495.6598891285494
51316,FC Kosice,1495.651110494058
1881,Terrassa FC,1495.6308010249616
26488,SV Oss '20,1495.6156757137983
14361,FC Teutonia 05 Ottensen,1495.6110403449115
32129,Balzan FC,1495.6022901003214
16022,Antequera CF,1495.5364940475467
2727,Oud-Heverlee Leuven,1495.5245728870404
3793,Beitar Jerusalem,1495.5242858720003
32768,Gzira United FC,1495.5119064385667
329,Sliema Wanderers,1495.5113867369332
7567,FK Radnicki Nis,1495.5061948197538
11910,UE Sant Julia,1495.5
20877,Brackley Town,1495.4891678423726
1225,FC Haka,1495.4244773553746
12065,Torpedo Vladimir,1495.4133942734384
1072,Peterborough United,1495.382822255219
22842,FC Gagra,1495.3289717935331
86787,Skala 1911 Stryi,1495.3194702435305
46854,Mérida AD,1495.3043409472948
42546,Mons Calpe SC,1495.2124502056154
27448,CD Roda,1495.0935787406397
35545,FK Iskra Danilovgrad,1495.068607335005
29053,SC Gjilani,1495.037148998947
6105,FC Ashdod,1495.026255999213
38834,CD Cortes,1495.023759474538
8758,Diagoras Rodou,1494.9956644137378
2497,Real Oviedo S.A.D.,1494.9443729900029
6429,FC Universitatea Cluj,1494.873508982383
30,FC Hansa Rostock,1494.8532479323972
2687,Cádiz CF,1494.8288221506343
37153,CD Marchamalo,1494.824163884312
1032,Reading FC,1494.812013141106
1434,Sportclub Telstar,1494.809405004454
11912,FC Ararat Yerevan,1494.7761687685718
4795,FC Ingolstadt 04,1494.7552009501978
41916,Inter Club d'Escaldes,1494.598346925333
10605,Marsaxlokk FC,1494.5788440149265
8354,SV Oberachern,1494.56278416144
951,FC 08 Villingen,1494.4631909433015
3027,Cowdenbeath FC,1494.2386874348754
8024,Futebol Clube de Arouca,1494.2106841318807
21,Chemnitzer FC,1494.0104457707416
19657,Vendsyssel FF,1494.0089169894406
668,Sportfreunde Lotte,1493.996896701377
108,SV Wehen Wiesbaden,1493.9866454954918
798,Excelsior Rotterdam,1493.9560720320653
13702,CF Rayo Majadahonda,1493.9162219892953
50684,CD Coria,1493.9139012685241
24350,SS Cosmos,1493.904920137223
42310,FA Siauliai,1493.9030691903317
24192,Ringsted IF,1493.7952171704155
37989,Arsenal Tivat,1493.7908213274156
7474,VV Noordwijk,1493.7665287617465
220,FC Gütersloh,1493.710791226957
11282,Alanyaspor,1493.6975332238262
25,FC Energie Cottbus,1493.568414474293
16775,UD Alzira,1493.5507141786507
64,SV 07 Elversberg,1493.4965554083856
11540,NSÍ Runavík,1493.4535218746414
1328,Bremer SV,1493.3868327168245
129,SG Dynamo Dresden,1493.3751137820411
10718,FC Andorra,1493.3291700744376
22461,Caernarfon Town,1493.3206786030423
67751,CD Ibiza Islas Pitiusas,1493.304954030213
12052,FC Ryazan,1493.2748364459044
9545,Rijnsburgse Boys,1493.2478816817024
44640,CD Azuaga,1493.228419108102
29271,CD Tudelano,1493.22607665536
47486,CD Quintanar del Rey,1493.202939971086
34888,Salford City,1493.1954994170858
21875,Stjarnan Gardabaer,1493.163455591916
3456,Gateshead FC,1493.1128852418494
3697,Morecambe FC,1493.0353452261963
10694,FC Gomel,1493.033061146307
16575,SD Amorebieta,1493.0216074004463
2531,Botev Plovdiv,1492.9759891176398
27045,Maldon & Tiptree FC,1492.9347771827463
63993,Sabah FK,1492.9347138957028
40373,FC Viktoria 1889 Berlin,1492.929768629641
6672,Salyut Belgorod,1492.916129736692
67241,Kuban Krasnodar,1492.9082721495204
5621,AC Reggiana 1919,1492.898032320582
29733,SD Leioa,1492.8685730248349
29988,SV Atlas Delmenhorst,1492.8191366424505
2797,Ebbsfleet United,1492.8044921934986
121098,Anri Vladivostok,1492.7816839709428
11608,SD Beasain,1492.7787285121367
7803,CD Manacor,1492.75066756043
55881,UD Llanera,1492.7404608258166
17399,Zenit Penza,1492.734072986301
41409,CD Varea,1492.722761791499
43454,Juventud Torremolinos CF,1492.7205260816318
1468,FV Illertissen,1492.7149635501287
2705,Lada Togliatti,1492.7033333767
16687,CD Alfaro,1492.6734987128439
15122,Nart Cherkessk,1492.6466114822692
12041,Angusht Nazran,1492.6429773235423
2923,CD Badajoz,1492.6300719641342
5648,Gimnàstic de Tarragona,1492.6234432668455
33244,FShM Moskau ,1492.6178755162596
61955,CSKA 1948,1492.6124131053016
21368,AD Unión Adarve,1492.605703616061
61989,,1492.5809376855925
134733,,1492.5809376855925
108867,,1492.5809376855925
109709,SSh Leningradets,1492.5806515341692
19926,CD Lealtad,1492.580310657506
102261,Universitario FC Las Palmas,1492.5800735214762
91531,Yadro St. Petersburg,1492.57961446766
3691,Tom Tomsk,1492.577624250383
115,FC Oberneuland,1492.5747189136277
16646,UP Langreo,1492.5669585507444
29095,Extremadura UD,1492.5524123807425
20844,Real Avilés CF,1492.5492651625154
46842,Hereford FC,1492.5485016660673
12181,San Fernando CD,1492.544255343093
41709,CE Manresa,1492.5432905959901
12043,Dinamo Barnaul,1492.5406008028801
83565,FC Tuapse ( -2022),1492.5404782714102
12049,FK Chita,1492.5404735569202
30863,CA Pulpileño,1492.5404735569202
6908,Hayes & Yeading FC,1492.5404735569202
50260,Internacional de Madrid,1492.5404735569202
6684,Gainsborough Trinity,1492.512811004242
9477,CE L'Hospitalet,1492.512369085774
1127,FC Halifax Town,1492.5087154322744
22327,FC Rot-Weiß Koblenz,1492.5015760146352
36285,CD Laredo,1492.5012303432836
26122,Banbury United,1492.5
4030,CD Calahorra,1492.5
12588,Gimnástica de Torrelavega,1492.5
2867,Recreativo Huelva,1492.5
13227,Coruxo FC,1492.499563154023
2962,Altrincham FC,1492.499448741269
1622,FC Viktoria Köln,1492.4983907358803
715,Bohemians Prague 1905,1492.4958527914307
109516,Pobeda Khasavyurt,1492.4932638317252
32017,FC Dila Gori,1492.4866677735017
13241,UD Ibiza,1492.4789286767093
111237,Kirovets-Voskhozhdenie St. Petersburg,1492.4641140481713
9153,Chesham United,1492.4630422690732
83924,FK Pskov,1492.4630332290753
48968,Zorkiy Krasnogorsk,1492.4612231800468
434,FC Luzern,1492.4602804233573
111239,Orgenergostroy Dimitrovgrad,1492.4599632387187
1218,Torquay United,1492.4216267355034
36060,CD Mensajero,1492.4201864885888
20953,Bracknell Town,1492.4125950184957
8123,Worthing FC,1492.3965531751146
78105,Racing Rioja CF (-2024),1492.3710999130667
31367,Chester FC,1492.3575334161392
6430,Uralets-TS Nizhniy Tagil,1492.3441188715456
752,SpVgg Bayreuth,1492.3392731004765
46889,Cray Valley Paper Mills,1492.3231449342256
16736,Las Rozas CF,1492.214637382233
3189,Ilves Tampere,1492.1666869452106
103,1.FC Schweinfurt 05,1492.0207126888954
4633,FK Novi Pazar,1492.013192524662
3014,Albion Rovers FC,1492.002886615115
7116,VV IJsselmeervogels,1491.9876090557361
222,BFC Dynamo,1491.984178041393
111469,CF Badalona Futur,1491.966896462105
78,VfB Lübeck,1491.964359031002
71985,Akron Togliatti,1491.9298856538494
38059,Ciudad Lucena,1491.9197735906357
23559,FK Banga Gargzdai,1491.905686998713
48991,Greifswalder FC,1491.8978408023206
3392,Apollon Pontou,1491.7761373314638
3688,Accrington Stanley,1491.658591421377
53327,VV Scherpenzeel,1491.634279960795
2698,FC Rubin Kazan,1491.3024855305962
4883,Blau-Weiß Lohne,1491.2943571122642
11590,Gernika Club,1491.2749658246478
55013,Legion-Dinamo Makhachkala,1491.2503051361268
8565,HSC '21 Haaksbergen,1491.2265843696416
100585,Tune IF,1491.217599991116
1102,Vaasan Palloseura,1491.1565851912096
45935,AP Brera,1491.1165423040359
98841,FK TransINVEST,1491.1165423040359
282,FK Sarajevo,1491.105365055964
1194,Rotherham United,1491.0474576162035
112110,FC Kulykiv-Bilka,1491.023922919732
85955,Ellas Syrou,1490.9019925922523
28014,UD Poblense,1490.9005852903688
1391,Zalaegerszegi TE FC,1490.8613160136035
7964,Torpedo-BelAZ Zhodino,1490.7744037002005
8928,Glenafton Athletic FC,1490.768824417285
22010,FK Qabala,1490.731118445168
4641,Rabotnicki Skopje,1490.696915191138
12020,Harrogate Town,1490.638002636996
21548,CD San Roque de Lepe,1490.5756659979734
3654,Kalmar FF,1490.5755674807544
10790,ASWH Ambacht,1490.551312325887
5947,Svebölle BI,1490.529738068276
433,FC Koper,1490.416024221328
67609,FC Rudersdal,1490.341184913917
7130,JK Trans Narva,1490.3292663825566
23,Eintracht Braunschweig,1490.3276907118552
77590,FC Avrasya,1490.2560191965983
5929,Aabenraa BK,1490.2481957558691
69,SSV Ulm 1846,1490.2476032721127
132893,Aalholm IF,1490.1978444597012
62026,Penybont FC,1490.197759586929
91758,Söften GF,1490.1781581346318
72702,FC Spaeri Tbilisi,1490.1522359798541
11312,HHC Hardenberg,1490.0806353133955
3984,GS Ilioupolis,1490.020205707887
91760,FC Kalundborg,1490.0131609894497
132890,Skibsby-Højene IF,1490.010953503563
9695,TSV Schott Mainz,1490.0055265835656
76545,Alexandroupolis FC,1490.0049957298866
9026,Glentoran FC,1489.9871205366017
253,Torpedo Kutaisi,1489.9556633232962
2085,FV Engers 07,1489.943867560666
13175,Karlslunde IF,1489.9421294156723
7450,GVV Unitas,1489.924593512043
23370,Kalev Tallinn,1489.9233217510955
23337,Wick Academy FC,1489.9198517487962
993,Córdoba CF,1489.916176445839
10391,Eastleigh FC,1489.8858284756952
105819,Avangard Lozova,1489.8241257261013
37335,AO Ermis Zonianon,1489.8160625303983
497,1.FC Lokomotive Leipzig,1489.7909769762975
33450,PO Elassonas,1489.7622163483188
6324,Penicuik Athletic FC,1489.7412892480356
49306,Balkany Zorya,1489.7214841089392
1557,Würzburger Kickers,1489.712557529932
82,Verein für Leibesübungen Wolfsburg,1489.6897292702326
1185,FH Hafnarfjördur,1489.662888172083
979,Moreirense Futebol Clube,1489.6441591648609
6000,Herlev IF,1489.6122756932546
21779,Husum Boldklub,1489.5973111857131
132892,Sködstrup SF,1489.5838844801592
119229,Thyella Chalkiou,1489.5644317239214
112114,Penuel Kryvyi Rig,1489.5069001983734
55337,Asteras Vlachioti,1489.4775355322279
4602,Olympiakos Volou,1489.4775355322279
40523,FK Nikopol,1489.4547385857722
132895,Nörager B,1489.4444864336122
5091,Naestved Boldklub,1489.4405443654464
27738,Herstedoster IC,1489.4395733751162
1252,York City,1489.4275888857194
52851,VV Heino,1489.4254860451806
81509,St Cadoc's YC,1489.410399518141
20972,Christiansbjerg IF,1489.340297221336
132899,Öresund Klubfodbold,1489.3209723120162
5925,Avarta,1489.293501439117
40168,AD San Juan,1489.2931301123988
967,Cherno More Varna,1489.2563472441182
84351,FIUK Odense,1489.249264247212
3900,FK Borac Banja Luka,1489.2470033209906
2855,SD Compostela,1489.2397881097936
94,FC Erzgebirge Aue,1489.2102832291903
8835,Spartak Nalchik,1489.1976725848808
3732,Hellerup IK,1489.1968458154208
132891,Skovsgaard B,1489.1880702710757
77298,Broager UI,1489.1748570816887
84101,Bredballe IF,1489.1717440705008
20998,Fredericia fF,1489.1597114182496
10408,Thyella Patron,1489.1472090624827
20988,Nibe Boldklub,1489.1429007566783
21469,FC De Bilt,1489.1366183146833
23701,Culter FC,1489.1350502882121
19294,Kaysar Kyzylorda,1489.125927320508
21735,Velocitas 1897 Groningen,1489.1191218572385
49677,Fuglebakken KFUM,1489.1155674961597
20058,PAO Krousona,1489.114148899657
862,Chievo Verona,1489.114148899657
48712,Union Titus Petange,1489.114148899657
82652,Helsted Fremad IF,1489.114148899657
22113,Frederikssund IK,1489.114148899657
16425,DOS Kampen,1489.114148899657
10954,Aabyhöj IF,1489.114148899657
71792,APO Atalantis,1489.114148899657
4467,TSV Hartberg,1489.114148899657
122007,Rebel Kyiv,1489.114148899657
2815,Flevo Boys Emmeloord,1489.114148899657
29384,Bolbro G&IF,1489.114148899657
73816,RKSV Groen Wit Breda,1489.1092429556022
2964,Scunthorpe United,1489.1066997194073
71734,Megas Alexandros Agias Marinas,1489.103488883728
84091,AE Mykonou,1489.1027391241423
52521,Egeas Plomariou,1489.1023696795924
132719,Kormil Yavoriv,1489.1016411727028
54924,FC Murom,1489.0957269948226
77339,Sönderborg Fremad,1489.0950291987283
35450,Pyrasos Neas Agchialou,1489.0906143457776
13556,Curzon Ashton,1489.0794090829377
42955,AIA-Tranbjerg,1489.058252007584
5906,Aalborg Chang,1489.04518894177
5883,Jetsmark IF,1488.9832375844526
20786,Horsham FC,1488.9683343188906
48521,AO Vistonidas,1488.9618227047238
91532,Ilpar Iljinskiy,1488.957695210343
10262,Birkirkara FC,1488.9556967476667
117,Eintracht Norderstedt,1488.9480501895737
39432,VV SteDoCo,1488.9382976092818
12335,Solihull Moors,1488.9340734631182
28098,FC Kaluga,1488.9268708622376
22672,AFC Fylde,1488.9176274277363
72577,FK Essentuki (-2023),1488.9088572331866
74219,Melilla CD,1488.879845083206
666,Real Jaén CF,1488.8737262462314
2793,Southend United,1488.8721703051147
1088,Rochdale AFC,1488.870278517353
7971,Hércules CF,1488.8666195483434
43162,FK Liepaja,1488.8632124027374
11122,Avangard Kursk,1488.8620854507378
77485, Aarhus 1900,1488.8554386203268
5792,Boldklubben Skjold,1488.8532430397465
41403,SD Tarazona,1488.8432798508125
2796,Woking FC,1488.8313546990855
22783,Kalju FC,1488.8240671857448
33303,SD Logroñés,1488.8085788972776
33139,VV Zwaluwen Vlaardingen,1488.798313224076
12386,Grenaa IF,1488.7941749735394
29393,Østre Boldklub,1488.7922190756763
40800,Krogsbölle-Roerslev FK,1488.7797476212695
20973,Marstal/Rise IF,1488.7790093782787
33734,SS Monopoli 1966,1488.7735560166948
50722,,1488.7732009124124
26618,AER Afantou,1488.7717227450303
100584,Saaby Fodbold,1488.7711858882592
8436,,1488.7620179315027
49610,Trastevere Calcio,1488.75
53392,Girnyk Novoyavorivsk,1488.75
71732,Thyella Sarakinon,1488.75
21005,Kvik/Aalestrup IF,1488.75
19367,Tritium Calcio 1908,1488.75
61914,MFA Munkach,1488.75
35444,Orfeas Xanthis,1488.75
33490,AE Ermionidas,1488.75
57200,Megas Alexandros Orfaniou,1488.75
78006,,1488.75
7476,Iraklis Larisas,1488.75
132435,Lutsksantekhmontazh №536 Lutsk,1488.75
6320,Thermaikos Thermis,1488.75
4792,Kilkisiakos,1488.75
105584,Granitis Agias Marinas,1488.75
39803,Sirens FC,1488.75
110658,,1488.75
132870,FC Novoukrainka,1488.75
44605,VV Chevremont,1488.75
132384,Legiya Kyiv,1488.75
49939,Virtus Francavilla Calcio,1488.75
123680,Palmira Odesa,1488.75
72186,Amvrakikos Loutrou,1488.75
91037,AFSK Kyiv,1488.75
82880,Ktinotrofikos Asteras Kalirachis,1488.75
42245,Steins Thistle,1488.75
38921,Dinamo-Auto Tiraspol (-2024),1488.75
68444,OF Agiou Mattheou,1488.75
33487,Aetos Makrychoriou,1488.75
13183,Avedöre IF,1488.75
675,Slavia Sofia,1488.75
100583,Mosede BK,1488.75
56746,,1488.75
71800,Apollon Agiou Ioanni,1488.75
48725,,1488.75
1115,Barry Town United,1488.75
101815,Aris Petinou,1488.75
121858,PAS Spartis,1488.75
101818,PAO Koutseliou,1488.75
37779,,1488.75
91763,Strandby-Elling-Nielstrup IF,1488.75
35460,AO Kyanous Asteras Varis,1488.75
4941,Club León FC,1488.75
25490,AE Kalabakiou,1488.75
20986,,1488.75
10715,RKSV Mierlo-Hout Helmond,1488.75
102355,Shturm Ivankiv (- 2024),1488.75
21597,FS Eordaikos,1488.75
57103,AGB Amsterdam,1488.75
101819,,1488.75
25987,Veensche Boys,1488.75
80916,FK Sumy,1488.75
34452,FC Aalsmeer,1488.75
13460,,1488.75
102361,Agron Velyki Gai OTG,1488.75
35475,AO Porou,1488.75
82881,AE Dimitra Efxinoupolis,1488.75
4807,FC Shirak Gyumri,1488.75
6335,Valletta FC,1488.75
7197,Potenza Calcio,1488.75
21007,,1488.75
45353,Sassari Latte Dolce,1488.75
21479,SV Bon Boys Haaksbergen,1488.75
33179,Cherkaskyi Dnipro,1488.75
91761,Skibet IF,1488.75
5580,Loch Ness FC,1488.75
26326,UE Engordany,1488.75
41229,AO Neos Asteras Rethymnou,1488.75
5689,Cracovia,1488.75
2873,,1488.75
8700,Anagennisi Ierapetras,1488.75
68091,AE Neapolis,1488.75
21003,Hundested IK,1488.75
31619,Aias Gastounis,1488.75
121776,LKB/Gistrup,1488.75
24938,FC Djursland,1488.75
26761,,1488.75
109967,AE Dimitsanas,1488.75
84315,Susaa IF,1488.75
132900,Thorsager-Rönde Idraetsforening,1488.75
73030,,1488.75
21001,Glamsbjerg IF,1488.75
5850,Virum-Sorgenfri BK,1488.75
41934,,1488.75
84316,,1488.75
80309,Bogense G&IF,1488.75
55772,GSD Ambrosiana,1488.75
14888,US Città di Pontedera,1488.75
33426,,1488.75
44850,RKVVV Best Vooruit,1488.75
51975,AFC Amsterdam Zaterdag,1488.75
76928,AO Pyliou,1488.75
61877,,1488.75
22187,USD Breno,1488.75
37093,VV Duno Doorwerth,1488.75
52498,AO Karavas,1488.75
2477,Karpaty Lviv (-2021),1488.75
9083,Panegialios GS,1488.75
27103,SV Venray,1488.75
83517,,1488.75
56715,,1488.75
30326,Gelbison,1488.75
82888,Ethnikos Skoulikadou,1488.75
82887,AS Santorinis 2020,1488.75
980,APO Fostiras,1488.75
84312,,1488.75
41166,Iraklis Ampelokipon,1488.75
43552,Ethnikos Neou Keramidiou,1488.75
64057,Amager FF,1488.75
4102,AC Carpi,1488.75
37772,AE Karaiskakis Artas,1488.75
17782,AS Pirae,1488.75
12627,Kopenhagen KFUM,1488.75
46337,Pineto Calcio,1488.75
1210,US Livorno 1915,1488.75
34437,VV Hoogezand,1488.75
75418,Billund IF,1488.75
4330,ASD Sambenedettese Calcio,1488.75
1408,Piacenza Calcio 1919,1488.75
1627,Catania FC,1488.75
77251,,1488.75
91756,Dianalund IF,1488.75
20991,BK Rödovre,1488.75
109973,,1488.75
20528,CE Europa,1488.7473465820633
3021,Arbroath FC,1488.7422088813141
7123,Maidenhead United,1488.7406365509444
57266,SV Nieuwkoop,1488.7397307246388
5540,AS Kastoria 1980,1488.7385902374385
59151,,1488.7382088254867
69995,VV DVO Sittard,1488.7382088254867
102357,Druzhba Myrivka,1488.7365285098335
543,Wolverhampton Wanderers Football Club,1488.727074254018
13189,Herlufsholm GF,1488.7244593328987
109968,AO Dilinaton,1488.7164840288904
34798,South Shields FC,1488.707484971635
19958,FC Kolomna,1488.7052012659142
5765,Fjordager IF,1488.7039597798191
121778,Lemming IF,1488.695914645671
45950,Jubbega,1488.681261078445
704,Foggia Calcio,1488.5797108119382
68742,SV Walcheren,1488.5569480550391
82076,,1488.5189473847852
21000,Gentofte VI,1488.4988365659176
18843,VV Berkum,1488.4848867602975
132438,NIKA SMK Bogodukhiv,1488.48307066513
21984,RKSV UDI '19 Uden,1488.4623905224869
801,IFK Göteborg,1488.4586442399107
19522,VPV Purmersteijn,1488.4556546099893
44972,SV De Foresters Heiloo,1488.448427140161
6359,Tayport FC,1488.440493509261
13663,,1488.4265956882211
58739,APS Patrai,1488.4090292515036
36683,CVV Blauw Wit '34,1488.4071495917046
49957,Águilas FC,1488.4011721691347
13457,,1488.3979064472237
10836,Stenlöse Boldklub,1488.3974923982153
4230,Irvine Meadow XI FC,1488.3905399870384
75628,BK Odense Chang,1488.3890062573091
11379,Gala Fairydean Rovers FC,1488.3878717834766
26726,Krystal Kherson,1488.385851100343
55632,,1488.385851100343
63734,,1488.385851100343
100586,,1488.385851100343
97481,Medeya - Nevytskyi Zamok Onokivska TG,1488.385851100343
91762,,1488.385851100343
54658,Haarby/Flemlöse,1488.385851100343
91036,Lyubomyr Stavyshche,1488.385851100343
61046,Pallixouriakos AO,1488.385851100343
51148,Keravnos Angelochoriou,1488.385851100343
29386,Döllefjelde-Musse IF,1488.385851100343
112615,Köge Union,1488.385851100343
91759,FC Nyhavn,1488.385851100343
59157,Thyella Katsikas,1488.385851100343
8994,EVV Echt,1488.385851100343
90988,XerxesDZB,1488.3766532131112
20970,B.73 Slagelse,1488.374072679492
21011,Taasinge fB,1488.374072679492
90714,Vigerslev Boldklub,1488.3735002391966
45649,Lochar Thistle FC,1488.362319736622
10918,Tved BK,1488.3605480934916
121775,F.C. Gladsaxe,1488.3565108244538
122422,AE Agiou Dimitriou,1488.3535264004272
80996,FC Malisheva,1488.3519722618962
102196,Fazenda Chernivtsi,1488.3491135315894
4111,Rimini FC,1488.3486039799157
82502,,1488.3401683680754
44675,VV DZOH Emmen,1488.3030899486873
55120,DAW Schaijk,1488.2928999209635
33872,Vejlby-Risskov Idraetsklub,1488.2734742360758
2737,Leon Saturn Ramenskoe,1488.2691267614075
22112,FC Sydvest 05,1488.1901095387811
23692,University of Stirling FC,1488.1506889640486
21331,Pordenone Calcio,1488.1346900053866
82626,Farsö Ullits IK,1488.134584704405
57766,Invergordon FC,1488.11600306349
81325,RKVV Sportclub '25 Bocholtz,1488.0905750893598
91562,Jyllinge FC,1488.089370468826
72188,Ermis Kanaliou,1488.0862223475247
99617,Atlet Kyiv,1488.084410745886
3490,Huntly FC,1488.0796209657465
5964,,1488.0788712091362
74551,Apollon Efpaliou,1488.0680808908355
2524,Al-Jazira Club,1488.051977699073
89260,Braendekilde-Bellinge Boldklub,1488.0477829375177
59102,Ermis Amynteou,1488.034207125323
24189,B.1973 Herlev,1488.034207125323
97510,VAST Mykolaiv,1488.0224644677721
84313,Bispebjerg Boldklub,1488.021702200686
37555,Morud IF,1488.0171303863567
20417,IF Skjold Birkeröd,1487.9936557478543
77304,Skjern GF,1487.961777168192
20997,Fredensborg BI,1487.9581756731873
3834,Sokol Saratov,1487.9447636946288
33593,Lleida Esportiu,1487.8761972297766
440,Hallescher FC,1487.874346267329
37554,FC Sönderborg,1487.8213368897839
33818,Náxara CD,1487.8003342499157
1098,Stockport County,1487.7992618492199
132894,Snejbjerg SG&I,1487.7744605603484
77305,Bagsvaerd BK,1487.7465862207873
118796,Revera 1908 Ivano-Frankivsk,1487.7065114346847
48260,Akadimia Platamona,1487.7064013754093
7977,Eolikos Mytilinis,1487.6994699718525
37169,Puskás Akadémia FC,1487.6299453478239
1443,MSK Zilina,1487.5247370909105
3899,Anorthosis Famagusta,1487.519892115998
11615,CD Guijuelo,1487.4521950153344
49806,CF Lorca Deportiva,1487.4126878859406
6130,VV Ter Leede,1487.3522202096715
2921,Delfino Pescara 1936,1487.2708155126224
9663,Excelsior '31 Rijssen,1487.0835805989107
5987,Vordingborg IF,1486.9597821415384
121859,,1486.9591512851462
257,FC St. Gallen 1879,1486.8577029234118
5843,Solröd FC,1486.7321525172724
1167,Shkendija Tetovo,1486.716481198936
10854,FC Santa Coloma,1486.6694328491649
8424,Länk FC Vilaverdense ,1486.6449773771815
4297,Varzim SC,1486.5579905678367
51828,Los Angeles FC,1486.5250662984768
2990,Académica Coimbra,1486.5202801170237
20361,Alleröd FK,1486.4778948414062
44682,Olde Veste '54,1486.416192556726
2963,Burton Albion,1486.4149013977726
9547,ADO '20 Heemskerk,1486.4109011953726
5751,Nairn County FC,1486.3812268421368
26937,FC Skanderborg,1486.3135263570452
4059,NS Mura,1486.2789445400174
839,AC Perugia Calcio,1486.2367604032972
2311,SK Sigma Olomouc,1486.1904126865331
132448,Mayak Sarny,1486.1693767199254
21835,FC UNA Strassen,1486.0878794490443
20746,Preston Athletic FC,1486.0756627128683
4084,AS Cittadella,1486.0667581696946
3060,APS Atromitos Athinon,1485.992584123918
724,Football Club Volendam,1485.9859644235269
3837,Fredrikstad FK,1485.9633514578636
38541,Almopos Arideas,1485.9350843216341
75068,FK Novosibirsk,1485.7477674307347
80802,VV Kolping Boys Oudorp,1485.7311452311758
3391,AO Kavala,1485.6974866985865
82718,FC Tver,1485.666518006715
12048,Druzhba Maikop,1485.4611582380326
121857,,1485.3964976686564
8699,Apollon Larisas,1485.355819678785
69752,FC Hegelmann,1485.2985703669715
93727,Ceuta 6 de Junio,1485.2395923469533
23303,Civil Service Strollers FC,1485.2087656549656
2804,Barnet FC,1485.1454883538258
34148,UCAM Murcia CF,1485.0649151739442
33306,Gimnástica Segoviana CF,1484.9814332081946
13244,Utebo FC,1484.84305762925
25232,Haverfordwest County,1484.8245461764338
8970,Frosinone Calcio,1484.7446278365685
1109,BK Häcken,1484.7115025732435
8397,Makedonija Gjorce Petrov,1484.6901871381606
8042,FC Inter Turku,1484.6363474364878
3723,Metallurg Lipetsk,1484.5783191980124
2573,FK Zeljeznicar Sarajevo,1484.0592271457554
3020,Alloa Athletic FC,1483.8894485161532
5411,FC Honka,1483.830185613439
1219,Chesterfield FC,1483.67692612923
113,FC Carl Zeiss Jena,1483.5960990414949
1519,Dundee United Football Club,1482.952765939545
3371,Cheltenham Town,1482.8912292642242
4001,GS Marko,1482.8267233743761
119,Maccabi Tel Aviv,1482.7838330469444
23777,SJK Seinäjoki,1482.7085623420692
2521,Futebol Clube de Alverca,1482.6618746066526
27843,Bala Town,1482.5451775252407
18303,FC Oleksandriya,1482.2323442439836
365,Spartak Trnava,1482.1869718298578
11127,Ural Yekaterinburg,1482.1216049490758
5838,Ringköbing IF,1482.1156991707717
920,Derry City,1482.0872937994463
19,Brescia Calcio,1482.0674348706825
2714,FC Zimbru Chisinau,1482.0346935678479
31276,FK Sfîntul Gheorghe Suruceni (- 2023),1481.9848411769642
12622,B1908 Amager,1481.9495698686924
54797,Kvant Obninsk,1481.8697393725233
12420,Irtysh Omsk,1481.8400543436574
16613,Sakhalin Yuzhno-Sakhalinsk,1481.7633608308263
22929,Odense KFUM,1481.7146663995195
19301,CD Teruel,1481.6852615260216
40896,Strogino Moscow,1481.658810129233
43502,Chertanovo Moscow,1481.4983461976174
3455,Forest Green Rovers ,1481.4852249217365
8031,Neftchi Baku,1481.4658781679873
36999,Sumgayit PFC,1481.4288668566678
24181,AB Taarnby,1481.331759190419
1020,Portsmouth FC,1481.252250867814
8956,FK Inter Baku,1481.2284314433925
11135,Nosta Novotroitsk,1481.2122424738122
404,FC Den Bosch,1481.1762801726811
43032,FC Bruno's Magpies,1481.0893381541819
4616,Anagennisi Artas,1480.7827663615374
54662,Vatanspor ,1480.7081268528564
7481,VV DOVO Veenendaal,1480.6852308106436
2431,Club Football Estrela da Amadora,1480.654502059904
8671,KF Vllaznia,1480.4981297270908
1322,FK Jablonec,1480.4952756715345
5544,1.FC Slovacko,1480.3074953294433
44914,Caledonian Braves FC,1480.3036721641142
4035,CF Pachuca,1480.276301499304
20999,Frederiksberg Boldklub,1480.218146757342
3901,RAAL La Louvière,1480.2147255284171
1078,Oldham Athletic,1480.2132640709603
4159,Carrarese Calcio 1908,1480.017720800557
2575,Clyde FC,1480.0133380902837
91757,Give Fremad,1479.9510258993932
8981,Bromley FC,1479.8392353945922
5777,Greve Fodbold,1479.7580198547575
31130,Newtown AFC,1479.698992752685
2655,LR Vicenza,1479.6737624339623
3725,RFK Akhmat Grozny,1479.5667261889575
1039,Queens Park Rangers,1479.5623921062504
2878,SV Huizen,1479.490805616569
8047,FK Suduva Marijampole,1479.4280481150859
37339,OF Ierapetras,1479.0886219629283
4007,Panargiakos APO,1479.0884923121737
33438,AO Episkopi Rethymnou,1478.9045048049484
24186,Taarnby FF,1478.8911705664939
669,FK Partizan Belgrade,1478.8064369299627
41061,Corvinul Hunedoara,1478.7616840452351
3031,Queen's Park FC,1478.758826221338
23371,Paide Linnameeskond,1478.6870475530943
20985,BK Viktoria,1478.6599439670638
5587,SS Juve Stabia,1478.6232235720904
101813,PAOK Kristonis,1478.5845606049152
2331,AS Avellino 1912,1478.5567870999748
26141,St. Andrews United FC,1478.5511650466003
1074,Tranmere Rovers,1478.3987296396012
75633,Nordfalsters Forenede Boldklubber,1478.3962950366547
7119,UD Vilafranquense,1478.3777065159306
3785,Maccabi Petah Tikva,1478.3750505651494
74871,Karpaty Galych,1478.2275355322279
33430,VV Hoogland,1478.2275355322279
24839,Dragör Boldklub,1478.2063148937887
28175,Klitmöller IF,1478.199518200749
65424,Rubikon Kyiv,1478.1861975701554
74870,Peremoga Dnipro,1478.1764361163325
22426,St. Cuthbert Wanderers FC,1478.1713022950908
38208,St Joseph's FC,1478.1570517693726
5840,Roskilde KFUM,1478.0736944762348
1251,Cliftonville FC,1478.0150275304602
61761,SC Metalurg Zaporizhya,1477.9599088970392
33429,VV GOES,1477.9382343763564
112612,Gug B,1477.936506514655
66208,SV Kampong Utrecht,1477.9320669357458
26507,Kastrup BK,1477.9039161240844
67614,FC BiH Odense,1477.8925223131143
25418,Glasgow University FC,1477.8733483715844
5904,Varde IF,1477.8691307390695
32036,Avangard Kramatorsk,1477.864148899657
46173,Doxa Volaka,1477.864148899657
75433,Dnipro Cherkasy,1477.864148899657
84092,Finikas Neas Epidavrou,1477.864148899657
35452,Thesprotos Igoumenitsas,1477.864148899657
67901,AS Giannitsa,1477.864148899657
101634,FC Khust,1477.864148899657
5869,Glostrup FK,1477.864148899657
40445,Nestos Chrysoupolis,1477.864148899657
21033,Boldklubben Union,1477.864148899657
20992,Boldklubben 1960,1477.7790415163108
3684,Stevenage FC,1477.7738963425775
5220,GS Ergotelis,1477.7424343126554
2801,Berwick Rangers FC,1477.7255938439412
21783,Skovshoved IF,1477.7228216882538
20780,ONS Sneek,1477.7056415108098
370,Aberdeen Football Club,1477.5632153298934
18673,HVV Hollandia,1477.511778420851
5918,Otterup B&IK,1477.5117404898765
26045,,1477.5081145810902
16239,Desna Chernigiv,1477.5007636980647
77486,Löjt IF,1477.5
29914,Energiya Nova Kakhovka,1477.5
20828,Dalkeith Thistle FC,1477.4975148672866
84311,Höjslev Station IF,1477.4885289667095
8927,Burntisland Shipyard AFC,1477.4672245474862
23718,Newton Stewart FC,1477.4255281667056
358,Charlton Athletic,1477.3063460851688
110316,"Nerashté, Ballerup",1477.2217282511506
8161,VV Baronie,1477.1715076113296
7534,JOS Watergraafsmeer,1477.1596829152084
33330,SV Juliana '31 Malden,1477.1591071967769
26046,Rutherglen Glencairn FC,1477.1568160712675
71798,Aetos Loutron,1477.1476422748563
29657,Cupar Hearts AFC,1477.0600446987994
10157,FC Aktobe,1476.9822118425925
60697,RKVV Erp,1476.7518756996935
88809,Zwaluw VFC Vught,1476.7229963962136
22,Derby County,1476.462410464327
2832,Gaziantep Futbol Kulübü A.Ş.,1476.4548455615773
828,Urawa Red Diamonds,1476.3345160609679
21766,Vallensbaek IF 39,1476.247453197979
47,Iraklis Thessaloniki,1476.0385609352095
28858,VV Dongen,1475.851437501555
33,FC Schalke 04,1475.75820060569
8827,UD Oliveirense,1475.4696827132489
1220,Carlisle United,1475.4087156042528
25425,Golspie Sutherland FC,1475.3973867422292
110388,SC Vilkhivtsi (Zakarpattya Oblast),1475.3015584510804
1386,Urbs Reggina 1914 ,1475.0686455503287
2814,Gillingham FC,1474.9236025706177
2455,Bristol Rovers,1474.7830868987653
9636,Seattle Sounders FC,1474.7730325078894
332,SSC Bari,1474.7095414579403
11391,Auckland City FC,1474.5768976509632
208,CSKA-Sofia,1474.4853386738075
3327,FC Penafiel,1474.4297111994665
2581,Mantova 1911,1474.4223763550024
10140,SC Covilhã,1473.963222394409
3062,Athens Kallithea,1473.8674010090326
13467,Racing FC Union Luxembourg,1473.5781161666027
5790,B1909 Odense,1473.5019254960807
4097,US Catanzaro,1473.2170737731049
1385,Modena FC,1472.9772609735726
45057,Vejgaard B,1472.6961544513017
40090,FK Kauno Zalgiris,1472.6473151250252
6614,SVV Scheveningen,1472.3566047421446
9,PS Kalamata,1472.2809956422172
4772,NK Olimpija Ljubljana,1472.2228988456447
53453,FC Ararat-Armenia ,1471.8780985423582
3537,Crawley Town,1471.3578650058435
24,Eintracht Frankfurt Fußball AG,1471.01823603943
24574,Gretna FC 2008,1470.9769843142346
7087,MFK Ruzomberok,1470.9592603163717
13290,Odder IGF,1470.7370317194716
1042,Crewe Alexandra,1470.5118028853844
4031,Cosenza Calcio,1470.3179731344476
50716,Atromitos Palama,1470.2156233759
3000,East Stirlingshire FC,1470.1095315984553
5714,Dalum IF,1470.0887597332382
1180,Dinamo Minsk,1469.9281422802367
44946,,1469.6739210161704
6603,Wydad Casablanca,1469.5665363841026
37276,PGS Kissamikos,1469.3622782649243
20826,Tynecastle FC,1469.2531248449366
30697,Podillya Khmelnytskyi,1469.2287986849283
3348,CD Trofense,1468.9617993198647
23621,Turriff United FC,1468.8547884775217
84122,Epicentr Dunaivtsi,1468.774743030429
28378,Koninklijke HFC Haarlem,1468.5595531725535
20990,Arbejder Sport Aarhus,1468.5330047433754
192,Roda JC Kerkrade,1468.529076407816
602,FK Zalgiris Vilnius,1468.5046073746792
14,Austria Vienna,1468.4942661330326
443,Vejle Boldklub,1468.3235746851292
1421,Stade Reims,1468.300270111048
4172,Pisa Sporting Club,1468.2594390336653
84314,FC ESPM,1468.1174389428413
3032,Peterhead FC,1468.0302749163277
276,Verona Hellas Football Club,1467.947533224806
369,Lyngby Boldklub,1467.9427658192874
38146,AWC Wijchen,1467.9402473557238
83930,FC Trostyanets,1467.8626882974772
75635,Svendborg fB - Oure FA,1467.8567643778058
20975,Odense KS,1467.841869624243
16266,Keith FC,1467.6854058355243
23686,Easthouses Lily Miners Welfare FC,1467.6360800474024
21795,Newtongrange Star FC,1467.6040650738328
25417,Girvan FC,1467.6006629192157
23685,Coldstream FC,1467.5822507183307
26145,Haddington Athletic FC,1467.5658794178912
48325,Riga FC,1467.5518463304516
74867,FC Uzhgorod,1467.3624167147161
75231,Dinamo Makhachkala,1467.3575359227425
23614,Fort William FC,1467.329941774334
44920,TOGB Berkel,1467.2321495929725
40804,Tarup-Paarup IF,1467.1886897868428
749,FC Empoli,1467.0675563542998
13017,Kremin Kremenchuk,1466.9658025892934
26142,Blackburn United FC,1466.9551203969522
13208,Kjellerup IF,1466.842164824937
33206,FC Llapi,1466.791594926031
1060,Colchester United,1466.670516256139
20971,BK Frem Saksköbing,1466.6132003171806
2958,ACV Assen,1466.4546951418024
86209,Livyi Bereg Kyiv,1466.4184675431616
3001,Queen of the South FC,1466.3679672467358
1103,Ternana Calcio,1466.318767466736
2036,1. Fußballclub Heidenheim 1846,1465.4761325373422
3892,FC Eindhoven,1465.3820857611386
3037,Calcio Padova,1465.2998272283348
18470,FC Rijnvogels,1464.950313487006
3302,UD Almería,1464.9409349638167
3459,Clachnacuddin FC,1464.485643342724
352,Swindon Town,1464.1174486166901
452,BSC Young Boys,1464.0658341854335
126,Çaykur Rizespor Kulübü,1463.9936928795241
44006,Bodrum FK,1463.6709839318203
2790,FC Lugano,1463.070476473616
11688,Giresunspor,1462.7522531989703
790,NK Maribor,1462.3650248760835
44,Hertha BSC,1462.1597190088064
2984,AO Egaleo,1461.7914382400875
448,FK Vojvodina Novi Sad,1461.6845301700494
2740,Vorskla Poltava,1461.5514335747382
4040,FK Partizani,1461.5002200345273
28095,FK Ufa,1461.3087216748559
1304,Heracles Almelo,1461.3016849873954
991,Milton Keynes Dons,1460.5096411452832
7160,Eyüp Spor Kulübü,1460.5080260032446
49189,Cumbernauld Colts FC,1460.455920833097
2414,AC Horsens,1460.3901451247225
1228,TOP Oss,1460.1570229451668
5957,FC Nakskov,1460.0444785057637
25516,Nexö Boldklub Bornholm,1459.7149484714585
9284,Swift Hesperange,1459.61236291399
408,Ascoli Calcio,1459.6118976572795
290,Association de la Jeunesse auxerroise,1459.502505172133
384,MVV Maastricht,1459.4843292500473
10603,Floriana FC,1459.2896870294105
2293,Konyaspor,1459.2118249213272
12732,VVSB Noordwijkerhout,1459.0379869941783
163,FC Vaduz,1458.9199306095745
11964,Threave Rovers FC,1458.836210341508
5051,University AFC,1458.6150280909744
3008,Hull City,1458.4762790543575
10580,Inverurie Loco Works FC,1458.393707008577
39097,FK Obolon Kyiv,1458.1857802108846
5358,SD Huesca,1458.0061164542176
3524,Clermont Foot 63,1457.5456824328726
87883,FK Kudrivka-1,1457.307427235363
13677,Whitehill Welfare FC,1457.3005803410438
2481,FC Sheriff Tiraspol,1457.215905592014
74872,Dinaz Vyshgorod,1457.1771971928727
80,VfL Bochum,1457.1712442349233
1045,Notts County,1457.0794781134296
10806,VVOG Harderwijk,1456.6144580238579
23688,Hawick Royal Albert United FC,1456.3971895629052
3458,Forres Mechanics FC,1456.3955713993528
27114,KF Egnatia,1456.387126408503
3508,Sportvereniging Zulte Waregem,1456.3812749475846
589,Antalyaspor,1456.3571807606602
21600,Makedonikos Neapolis,1456.2463672370084
23619,Rothes FC,1456.2337814650514
30120,Athlitiki Enosi Kifisias,1456.2249037789825
3535,Ulsan Hyundai,1455.9982199211627
60368,FC Noah Yerevan,1455.1279230513005
10484,Kasımpaşa A.Ş.,1454.6521783515923
30686,FC Milsami Orhei,1453.704887388484
4223,Deveronvale FC,1452.8197013496529
235,RKC Waalwijk,1452.58502078994
10617,Tre Fiori FC,1451.7645521409438
3024,East Fife FC,1451.2495018526054
33783,FC RFS,1450.7717064224446
1124,Fakel Voronezh,1450.4590042484033
46643,FC Petrocub Hincesti,1450.1759199097428
3209,Pendikspor,1450.0802243347753
10301,FC Pyunik Yerevan,1449.4682676740206
23617,Lossiemouth FC,1449.3447074248782
465,Saint Mirren Football Club,1449.1901300157233
23336,Vale of Leithen FC,1448.8799428535522
3237,KR Reykjavík,1448.5926414059734
540,Slovan Bratislava,1448.5186934556575
2696,PFK Krylya Sovetov Samara,1448.4785072776829
49364,Ingulets Petrove,1448.3768475884365
11194,NK Lokomotiva Zagreb,1448.3304901881475
23620,Strathspey Thistle FC,1448.2626753930467
1268,ADO Den Haag,1448.1206545450707
24201,Nörresundby FB,1448.0187579320664
500,Helmond Sport,1447.9666411257817
28854,Listrup UIF,1447.8019430318363
3268,Casa Pia Atlético Clube,1447.5587916814163
33571,Real Farma Odesa,1447.438114476138
868,MKE Ankaragücü,1447.3437183146914
11411,FC Urartu Yerevan,1447.3402637742488
3258,Shamrock Rovers,1447.135531578826
22428,Wigtown & Bladnoch FC,1447.1132960455664
3205,Kayserispor Kulübü,1446.8544581225042
2381,Sivasspor,1446.8464512300968
10481,Tobol Kostanay,1446.6239110210915
4554,FC Südtirol,1446.6111929761962
6621,FK Cukaricki,1446.545651184387
6676,A.G.S Asteras Tripolis,1446.353747448316
11479,SS Folgore/Falciano,1446.2902362177226
45200,Chayka Petropavlivska Borshchagivka,1446.2523126217666
1918,FC Prishtina,1444.415490475768
535,Sileks Kratovo,1444.09362980989
4313,HB Tórshavn,1443.9473414079314
60949,Volou Neos Podosferikos Syllogos,1443.677441795987
713,BATE Borisov,1443.2491761987271
28082,FC Ballkani,1442.954793191499
1302,Northampton Town,1442.896566419974
3737,Breidablik Kópavogur,1441.7280830788034
39722,Erzurumspor FK,1441.7132717987977
472,UD Las Palmas,1440.9853211526424
6066,Dundalk FC,1440.8523050944743
820,Gençlerbirliği Spor Kulübü,1440.1678643202695
1455,FC Dordrecht,1438.4207446549565
1033,Valur Reykjavík,1436.8500297193293
618,AS Saint-Étienne,1435.2791957592501
64780,Atlètic Club d'Escaldes,1434.681113318586
3070,FK Sutjeska Niksic,1434.1171119718908
10482,Kairat Almaty,1433.8073057871557
723,Almere City FC,1432.842482360222
61825,FC Minaj,1431.9448668483712
1008,HJK Helsinki,1431.7607443418
11065,FK Decic Tuzi,1431.4038372276398
16779,Ordabasy Shymkent,1431.240360834311
3522,Spezia Calcio,1431.2376902387628
37914,Alashkert Yerevan FC,1431.2197233138536
24245,Ümraniyespor,1430.98772356448
2425,Rio Ave Futebol Clube,1430.4165569370887
4644,FC Shkupi,1430.298242417418
3909,Shelbourne FC,1429.5407176459287
511,Dundee Football Club,1428.9729022144895
9010,FC Verbroedering Denderhoutem Denderleeuw Eendracht Hekelgem,1428.8380907399353
995,Football Club de Nantes,1428.4044629710493
42246,Europa FC,1428.139865276991
38204,Lincoln Red Imps FC,1428.1119685648719
1031,Luton Town,1427.9957921147088
10,Arminia Bielefeld,1427.5875918349745
3609,Rotor Volgograd,1426.83312241325
677,Ipswich Town,1426.4457554055268
23611,Olimpik Donetsk,1426.0296566445477
81401,SK Poltava,1425.3491489456471
982,Clube Desportivo Nacional,1424.7970324895655
22220,FC Astana,1424.7028341504802
14589,FC Orenburg,1423.5332677754009
83678,Metalist Kharkiv,1423.38917577277
29228,Royal Excel Mouscron (-2022),1423.061033080736
7378,Portimonense SC,1422.7534519190228
28633,UE Santa Coloma,1422.077931655708
24349,La Fiorita 1967,1421.459995621176
2919,AC Monza,1421.1787673314607
11976,CS Fola Esch,1420.5280210944563
4603,Athlitiki Enosi Larisas,1419.855484411374
3999,PAS Lamia 1964,1419.7460121263193
2375,Altay SK,1419.2663953306933
132,Nooit Opgeven Altijd Doorzetten Aangenaam Door Vermaak En Nuttig Door Ontspanning Combinatie Breda,1419.1017982854685
10747,SP Tre Penne,1418.4624725081824
49149,FK Panevezys,1417.550308261577
3739,KF Teuta,1416.804241767813
499,Vitesse Arnhem,1416.7862127652422
1123,Norwich City,1415.1656139553718
1160,Nîmes Olympique,1414.6058873275585
3471,Linfield FC,1414.3483714701683
28643,SK Beveren,1413.7923899128052
6646,Fatih Karagümrük Sportif Faaliyetler San. Tic. A.Ş.,1412.9371906724587
607,Venezia FC,1412.0775903670356
3137,FK TSC Backa Topola,1411.9245362062761
6418,Panetolikos Agrinio,1411.2874170578289
1283,FC Emmen,1410.1205614654502
2759,Ross County FC,1410.0205271561927
1533,SD Eibar,1409.6516927389462
2457,B SAD,1409.5922663430374
22499,Connah's Quay Nomads,1409.3827262405869
41133,Iberia 1999 Tbilisi,1407.5911487831008
601,KV Kortrijk,1407.4585950357596
2049,KF Tirana,1406.7218577031922
5084,Valmiera FC,1406.589339239373
2553,Kilmarnock Football Club,1405.9197517500324
4294,SC Farense,1405.4070450770403
10604,Hibernians FC,1405.0275209038061
2999,Hamilton Academical FC,1404.8952017492059
180,Southampton FC,1402.5483396979653
11344,Dinamo Batumi,1401.2288837888423
2578,St. Johnstone FC,1400.643680323439
133,SC Cambuur Leeuwarden,1399.2596866159186
49702,FK Nizhny Novgorod,1398.7661504260777
6992,Chornomorets Odesa,1398.1655436389688
41231,FK Sochi,1397.8504319839635
16795,Granada CF,1397.4137738522913
380,US Salernitana 1919,1397.3341636560351
65,SpVgg Greuther Fürth,1396.3097197624106
54189,RWD Molenbeek,1395.6855723589083
3729,Arsenal Tula,1395.2272752654335
40,FC Girondins Bordeaux,1394.9110710617135
347,Football Club de Metz,1394.6949650307936
6993,FK Mariupol,1393.9036011868957
64534,Struga Trim & Lum,1393.023707975437
11914,FC Differdange 03,1392.9249833806473
2423,Clube Desportivo Santa Clara,1392.3438932810484
2995,FC Paços de Ferreira,1391.2907396962635
24832,Víkingur Gøta,1390.84596713792
3719,FC Khimki (-2025),1389.8371601277893
2671,PAS Giannina,1389.5716207531334
4391,Buducnost Podgorica,1389.0915691494456
6912,FC Vizela,1388.6133073765566
1186,Torpedo Moscow,1387.8718202309021
105,SV Darmstadt 98,1387.1331738899823
833,Denizlispor,1384.5633960226453
4171,Benevento Calcio,1384.4028375647154
7179,Clube Desportivo de Tondela,1383.215899863092
3461,Larne FC,1382.2297428326003
7775,Hatayspor,1381.467685908033
984,West Bromwich Albion,1381.095138374206
2861,KV Oostende,1378.4102310638727
1147,AC Ajaccio,1378.2562070788072
1010,Watford FC,1377.5989798012001
10613,AC Virtus Acquaviva,1377.4831323369747
1301,CS Marítimo,1377.4724727298756
403,Willem II Tilburg,1377.080119160476
3325,GD Chaves,1374.4923479139625
5771,FCI Levadia,1373.5181600188685
969,Montpellier HSC,1371.6004899090774
553,Ionikos Nikeas,1370.961105023769
10695,Shakhter Soligorsk,1369.729136555735
1038,UC Sampdoria,1366.7616983925966
17149,Hamrun Spartans,1361.2982158992668
924,Istanbulspor,1359.377629435576
41201,PFK Tambov (-2021),1357.1048858111933
1095,ESTAC Troyes,1356.11433836248
1245,KAS Eupen,1354.9942096736888
350,Sheffield United,1354.7142445138236
3840,Adana Demirspor,1353.99303970528
4083,FC Crotone,1351.5421274786095
18105,PFK Lviv,1350.2726722233606
3385,Panserraikos Serres,1346.1564445555439
663,Dinamo Tbilisi,1345.027495153548
10734,The New Saints,1344.0713874476276
41274,Beerschot VA,1342.3888089477941
2503,Boavista FC,1342.097557600868
1426,VVV-Venlo,1341.137016800658
1002,FC Flora Tallinn,1337.3733342797436
19789,Yeni Malatyaspor,1336.3580196416492
2969,Dijon FCO,1328.4221311097597
1241,Livingston Football Club,1325.307101298801
441,Apollon Smyrnis,1324.714318510217
366,Real Valladolid CF,1315.3033381259993
2715,RFC Seraing,1312.3162938360338
110302,AVS Futebol SAD,1304.7193745068398
